-- MariaDB dump 10.19  Distrib 10.4.32-MariaDB, for Win64 (AMD64)
--
-- Host: localhost    Database: privacy_tool2
-- ------------------------------------------------------
-- Server version	10.4.32-MariaDB

/*!40101 SET @OLD_CHARACTER_SET_CLIENT=@@CHARACTER_SET_CLIENT */;
/*!40101 SET @OLD_CHARACTER_SET_RESULTS=@@CHARACTER_SET_RESULTS */;
/*!40101 SET @OLD_COLLATION_CONNECTION=@@COLLATION_CONNECTION */;
/*!40101 SET NAMES utf8mb4 */;
/*!40103 SET @OLD_TIME_ZONE=@@TIME_ZONE */;
/*!40103 SET TIME_ZONE='+00:00' */;
/*!40014 SET @OLD_UNIQUE_CHECKS=@@UNIQUE_CHECKS, UNIQUE_CHECKS=0 */;
/*!40014 SET @OLD_FOREIGN_KEY_CHECKS=@@FOREIGN_KEY_CHECKS, FOREIGN_KEY_CHECKS=0 */;
/*!40101 SET @OLD_SQL_MODE=@@SQL_MODE, SQL_MODE='NO_AUTO_VALUE_ON_ZERO' */;
/*!40111 SET @OLD_SQL_NOTES=@@SQL_NOTES, SQL_NOTES=0 */;

--
-- Table structure for table `cache`
--

DROP TABLE IF EXISTS `cache`;
/*!40101 SET @saved_cs_client     = @@character_set_client */;
/*!40101 SET character_set_client = utf8 */;
CREATE TABLE `cache` (
  `key` varchar(255) NOT NULL,
  `value` mediumtext NOT NULL,
  `expiration` int(11) NOT NULL,
  PRIMARY KEY (`key`),
  KEY `cache_expiration_index` (`expiration`)
) ENGINE=InnoDB DEFAULT CHARSET=utf8mb4 COLLATE=utf8mb4_unicode_ci;
/*!40101 SET character_set_client = @saved_cs_client */;

--
-- Dumping data for table `cache`
--

LOCK TABLES `cache` WRITE;
/*!40000 ALTER TABLE `cache` DISABLE KEYS */;
INSERT INTO `cache` VALUES ('mitra-tool-cache-1b6453892473a467d07372d45eb05abc2031647a','i:2;',1783104754),('mitra-tool-cache-1b6453892473a467d07372d45eb05abc2031647a:timer','i:1783104754;',1783104754),('mitra-tool-cache-77de68daecd823babbb58edb1c8e14d7106e83bb','i:1;',1783104231),('mitra-tool-cache-77de68daecd823babbb58edb1c8e14d7106e83bb:timer','i:1783104231;',1783104231),('mitra-tool-cache-nurse@mail.com|127.0.0.1','i:1;',1783140548),('mitra-tool-cache-nurse@mail.com|127.0.0.1:timer','i:1783140548;',1783140548);
/*!40000 ALTER TABLE `cache` ENABLE KEYS */;
UNLOCK TABLES;

--
-- Table structure for table `cache_locks`
--

DROP TABLE IF EXISTS `cache_locks`;
/*!40101 SET @saved_cs_client     = @@character_set_client */;
/*!40101 SET character_set_client = utf8 */;
CREATE TABLE `cache_locks` (
  `key` varchar(255) NOT NULL,
  `owner` varchar(255) NOT NULL,
  `expiration` int(11) NOT NULL,
  PRIMARY KEY (`key`),
  KEY `cache_locks_expiration_index` (`expiration`)
) ENGINE=InnoDB DEFAULT CHARSET=utf8mb4 COLLATE=utf8mb4_unicode_ci;
/*!40101 SET character_set_client = @saved_cs_client */;

--
-- Dumping data for table `cache_locks`
--

LOCK TABLES `cache_locks` WRITE;
/*!40000 ALTER TABLE `cache_locks` DISABLE KEYS */;
/*!40000 ALTER TABLE `cache_locks` ENABLE KEYS */;
UNLOCK TABLES;

--
-- Table structure for table `categories`
--

DROP TABLE IF EXISTS `categories`;
/*!40101 SET @saved_cs_client     = @@character_set_client */;
/*!40101 SET character_set_client = utf8 */;
CREATE TABLE `categories` (
  `id` bigint(20) unsigned NOT NULL AUTO_INCREMENT,
  `section_id` bigint(20) unsigned NOT NULL,
  `name` longtext CHARACTER SET utf8mb4 COLLATE utf8mb4_bin NOT NULL CHECK (json_valid(`name`)),
  `order` int(11) NOT NULL,
  `created_at` timestamp NULL DEFAULT NULL,
  `updated_at` timestamp NULL DEFAULT NULL,
  PRIMARY KEY (`id`),
  KEY `categories_section_id_foreign` (`section_id`),
  CONSTRAINT `categories_section_id_foreign` FOREIGN KEY (`section_id`) REFERENCES `sections` (`id`) ON DELETE CASCADE
) ENGINE=InnoDB AUTO_INCREMENT=11 DEFAULT CHARSET=utf8mb4 COLLATE=utf8mb4_unicode_ci;
/*!40101 SET character_set_client = @saved_cs_client */;

--
-- Dumping data for table `categories`
--

LOCK TABLES `categories` WRITE;
/*!40000 ALTER TABLE `categories` DISABLE KEYS */;
INSERT INTO `categories` VALUES (1,1,'{\"pt_BR\":\"Pessoas/Atores\",\"en\":\"People/Actors\"}',1,'2026-06-22 20:33:51','2026-06-22 20:33:51'),(2,1,'{\"pt_BR\":\"Propósito de uso\",\"en\":\"Purpose of Use\"}',2,'2026-06-22 20:33:51','2026-06-22 20:33:51'),(3,1,'{\"pt_BR\":\"Dados pessoais\",\"en\":\"Personal Data\"}',3,'2026-06-22 20:33:51','2026-06-22 20:33:51'),(4,1,'{\"pt_BR\":\"Compartilhamento\",\"en\":\"Sharing\"}',4,'2026-06-22 20:33:51','2026-06-22 20:33:51'),(5,1,'{\"pt_BR\":\"Agenciamento\",\"en\":\"Agency\"}',5,'2026-06-22 20:33:51','2026-06-22 20:33:51'),(6,2,'{\"pt_BR\":\"Pessoas/Atores\",\"en\":\"People/Actors\"}',1,'2026-06-22 20:33:51','2026-06-22 20:33:51'),(7,2,'{\"pt_BR\":\"Propósito de uso\",\"en\":\"Purpose of Use\"}',2,'2026-06-22 20:33:51','2026-06-22 20:33:51'),(8,2,'{\"pt_BR\":\"Dados pessoais\",\"en\":\"Personal Data\"}',3,'2026-06-22 20:33:51','2026-06-22 20:33:51'),(9,2,'{\"pt_BR\":\"Compartilhamento\",\"en\":\"Sharing\"}',4,'2026-06-22 20:33:51','2026-06-22 20:33:51'),(10,2,'{\"pt_BR\":\"Agenciamento\",\"en\":\"Agency\"}',5,'2026-06-22 20:33:51','2026-06-22 20:33:51');
/*!40000 ALTER TABLE `categories` ENABLE KEYS */;
UNLOCK TABLES;

--
-- Table structure for table `consolidated_responses`
--

DROP TABLE IF EXISTS `consolidated_responses`;
/*!40101 SET @saved_cs_client     = @@character_set_client */;
/*!40101 SET character_set_client = utf8 */;
CREATE TABLE `consolidated_responses` (
  `id` bigint(20) unsigned NOT NULL AUTO_INCREMENT,
  `evaluation_round_id` bigint(20) unsigned NOT NULL,
  `question_id` bigint(20) unsigned NOT NULL,
  `final_answer` varchar(20) NOT NULL,
  `decided_by` bigint(20) unsigned DEFAULT NULL,
  `resolution_method` varchar(20) NOT NULL,
  `created_at` timestamp NULL DEFAULT NULL,
  `updated_at` timestamp NULL DEFAULT NULL,
  PRIMARY KEY (`id`),
  UNIQUE KEY `round_question_unique` (`evaluation_round_id`,`question_id`),
  KEY `consolidated_responses_question_id_foreign` (`question_id`),
  KEY `consolidated_responses_decided_by_foreign` (`decided_by`),
  CONSTRAINT `consolidated_responses_decided_by_foreign` FOREIGN KEY (`decided_by`) REFERENCES `users` (`id`) ON DELETE SET NULL,
  CONSTRAINT `consolidated_responses_evaluation_round_id_foreign` FOREIGN KEY (`evaluation_round_id`) REFERENCES `evaluation_rounds` (`id`) ON DELETE CASCADE,
  CONSTRAINT `consolidated_responses_question_id_foreign` FOREIGN KEY (`question_id`) REFERENCES `questions` (`id`) ON DELETE CASCADE
) ENGINE=InnoDB DEFAULT CHARSET=utf8mb4 COLLATE=utf8mb4_unicode_ci;
/*!40101 SET character_set_client = @saved_cs_client */;

--
-- Dumping data for table `consolidated_responses`
--

LOCK TABLES `consolidated_responses` WRITE;
/*!40000 ALTER TABLE `consolidated_responses` DISABLE KEYS */;
/*!40000 ALTER TABLE `consolidated_responses` ENABLE KEYS */;
UNLOCK TABLES;

--
-- Table structure for table `evaluation_rounds`
--

DROP TABLE IF EXISTS `evaluation_rounds`;
/*!40101 SET @saved_cs_client     = @@character_set_client */;
/*!40101 SET character_set_client = utf8 */;
CREATE TABLE `evaluation_rounds` (
  `id` bigint(20) unsigned NOT NULL AUTO_INCREMENT,
  `project_id` bigint(20) unsigned NOT NULL,
  `name` varchar(255) DEFAULT NULL,
  `status` varchar(20) NOT NULL DEFAULT 'active',
  `diagnosis` text DEFAULT NULL,
  `started_at` timestamp NOT NULL DEFAULT current_timestamp(),
  `closed_at` timestamp NULL DEFAULT NULL,
  `created_at` timestamp NULL DEFAULT NULL,
  `updated_at` timestamp NULL DEFAULT NULL,
  `software_version` varchar(255) DEFAULT NULL,
  PRIMARY KEY (`id`),
  KEY `evaluation_rounds_project_id_foreign` (`project_id`),
  CONSTRAINT `evaluation_rounds_project_id_foreign` FOREIGN KEY (`project_id`) REFERENCES `projects` (`id`) ON DELETE CASCADE
) ENGINE=InnoDB AUTO_INCREMENT=3 DEFAULT CHARSET=utf8mb4 COLLATE=utf8mb4_unicode_ci;
/*!40101 SET character_set_client = @saved_cs_client */;

--
-- Dumping data for table `evaluation_rounds`
--

LOCK TABLES `evaluation_rounds` WRITE;
/*!40000 ALTER TABLE `evaluation_rounds` DISABLE KEYS */;
INSERT INTO `evaluation_rounds` VALUES (1,1,'Primeira Rodada','review',NULL,'2026-07-03 18:41:48',NULL,'2026-07-03 21:41:48','2026-07-04 19:58:10','v1'),(2,2,'Round of 7/8/2026','draft',NULL,'2026-07-08 14:18:47',NULL,'2026-07-08 17:18:47','2026-07-08 17:18:47',NULL);
/*!40000 ALTER TABLE `evaluation_rounds` ENABLE KEYS */;
UNLOCK TABLES;

--
-- Table structure for table `failed_jobs`
--

DROP TABLE IF EXISTS `failed_jobs`;
/*!40101 SET @saved_cs_client     = @@character_set_client */;
/*!40101 SET character_set_client = utf8 */;
CREATE TABLE `failed_jobs` (
  `id` bigint(20) unsigned NOT NULL AUTO_INCREMENT,
  `uuid` varchar(255) NOT NULL,
  `connection` text NOT NULL,
  `queue` text NOT NULL,
  `payload` longtext NOT NULL,
  `exception` longtext NOT NULL,
  `failed_at` timestamp NOT NULL DEFAULT current_timestamp(),
  PRIMARY KEY (`id`),
  UNIQUE KEY `failed_jobs_uuid_unique` (`uuid`)
) ENGINE=InnoDB DEFAULT CHARSET=utf8mb4 COLLATE=utf8mb4_unicode_ci;
/*!40101 SET character_set_client = @saved_cs_client */;

--
-- Dumping data for table `failed_jobs`
--

LOCK TABLES `failed_jobs` WRITE;
/*!40000 ALTER TABLE `failed_jobs` DISABLE KEYS */;
/*!40000 ALTER TABLE `failed_jobs` ENABLE KEYS */;
UNLOCK TABLES;

--
-- Table structure for table `inspection_publications`
--

DROP TABLE IF EXISTS `inspection_publications`;
/*!40101 SET @saved_cs_client     = @@character_set_client */;
/*!40101 SET character_set_client = utf8 */;
CREATE TABLE `inspection_publications` (
  `id` bigint(20) unsigned NOT NULL AUTO_INCREMENT,
  `inspection_id` bigint(20) unsigned NOT NULL,
  `visibility` varchar(255) NOT NULL DEFAULT 'private',
  `slug` varchar(255) NOT NULL,
  `published_at` timestamp NULL DEFAULT NULL,
  `published_by` bigint(20) unsigned DEFAULT NULL,
  `created_at` timestamp NULL DEFAULT NULL,
  `updated_at` timestamp NULL DEFAULT NULL,
  `score` int(11) NOT NULL DEFAULT 0,
  `medal` varchar(255) DEFAULT NULL,
  `year` int(11) DEFAULT NULL,
  `questionnaire_version_id` bigint(20) unsigned DEFAULT NULL,
  PRIMARY KEY (`id`),
  UNIQUE KEY `inspection_publications_inspection_id_unique` (`inspection_id`),
  UNIQUE KEY `inspection_publications_slug_unique` (`slug`),
  KEY `inspection_publications_published_by_foreign` (`published_by`),
  KEY `inspection_publications_questionnaire_version_id_foreign` (`questionnaire_version_id`),
  KEY `inspection_publications_score_index` (`score`),
  KEY `inspection_publications_medal_index` (`medal`),
  KEY `inspection_publications_year_index` (`year`),
  CONSTRAINT `inspection_publications_inspection_id_foreign` FOREIGN KEY (`inspection_id`) REFERENCES `inspections` (`id`) ON DELETE CASCADE,
  CONSTRAINT `inspection_publications_published_by_foreign` FOREIGN KEY (`published_by`) REFERENCES `users` (`id`) ON DELETE SET NULL,
  CONSTRAINT `inspection_publications_questionnaire_version_id_foreign` FOREIGN KEY (`questionnaire_version_id`) REFERENCES `questionnaire_versions` (`id`) ON DELETE SET NULL
) ENGINE=InnoDB DEFAULT CHARSET=utf8mb4 COLLATE=utf8mb4_unicode_ci;
/*!40101 SET character_set_client = @saved_cs_client */;

--
-- Dumping data for table `inspection_publications`
--

LOCK TABLES `inspection_publications` WRITE;
/*!40000 ALTER TABLE `inspection_publications` DISABLE KEYS */;
/*!40000 ALTER TABLE `inspection_publications` ENABLE KEYS */;
UNLOCK TABLES;

--
-- Table structure for table `inspections`
--

DROP TABLE IF EXISTS `inspections`;
/*!40101 SET @saved_cs_client     = @@character_set_client */;
/*!40101 SET character_set_client = utf8 */;
CREATE TABLE `inspections` (
  `id` bigint(20) unsigned NOT NULL AUTO_INCREMENT,
  `project_id` bigint(20) unsigned NOT NULL,
  `sequential_id` int(10) unsigned DEFAULT NULL,
  `user_id` bigint(20) unsigned DEFAULT NULL,
  `questionnaire_version_id` bigint(20) unsigned NOT NULL,
  `status` enum('draft','active','closed') NOT NULL DEFAULT 'draft',
  `started_at` timestamp NULL DEFAULT NULL,
  `closed_at` timestamp NULL DEFAULT NULL,
  `created_at` timestamp NULL DEFAULT NULL,
  `updated_at` timestamp NULL DEFAULT NULL,
  `evaluation_round_id` bigint(20) unsigned DEFAULT NULL,
  PRIMARY KEY (`id`),
  UNIQUE KEY `inspections_project_id_sequential_id_unique` (`project_id`,`sequential_id`),
  KEY `inspections_questionnaire_version_id_foreign` (`questionnaire_version_id`),
  KEY `inspections_user_id_foreign` (`user_id`),
  KEY `inspections_evaluation_round_id_foreign` (`evaluation_round_id`),
  CONSTRAINT `inspections_evaluation_round_id_foreign` FOREIGN KEY (`evaluation_round_id`) REFERENCES `evaluation_rounds` (`id`) ON DELETE SET NULL,
  CONSTRAINT `inspections_project_id_foreign` FOREIGN KEY (`project_id`) REFERENCES `projects` (`id`) ON DELETE CASCADE,
  CONSTRAINT `inspections_questionnaire_version_id_foreign` FOREIGN KEY (`questionnaire_version_id`) REFERENCES `questionnaire_versions` (`id`) ON DELETE CASCADE,
  CONSTRAINT `inspections_user_id_foreign` FOREIGN KEY (`user_id`) REFERENCES `users` (`id`) ON DELETE CASCADE
) ENGINE=InnoDB AUTO_INCREMENT=6 DEFAULT CHARSET=utf8mb4 COLLATE=utf8mb4_unicode_ci;
/*!40101 SET character_set_client = @saved_cs_client */;

--
-- Dumping data for table `inspections`
--

LOCK TABLES `inspections` WRITE;
/*!40000 ALTER TABLE `inspections` DISABLE KEYS */;
INSERT INTO `inspections` VALUES (1,1,1,2,1,'closed','2026-07-04 19:56:22','2026-07-04 19:57:26','2026-07-03 21:49:03','2026-07-04 19:57:26',1),(2,1,2,4,1,'closed','2026-07-04 07:47:36','2026-07-04 14:35:57','2026-07-04 07:42:31','2026-07-04 14:35:57',1),(3,1,3,3,1,'closed','2026-07-04 14:24:43','2026-07-04 19:55:13','2026-07-04 07:49:09','2026-07-04 19:55:13',1),(4,1,4,2,1,'draft',NULL,NULL,'2026-07-04 08:48:42','2026-07-04 08:48:42',1),(5,2,1,3,1,'active','2026-07-08 17:18:55',NULL,'2026-07-08 17:18:51','2026-07-08 17:18:55',2);
/*!40000 ALTER TABLE `inspections` ENABLE KEYS */;
UNLOCK TABLES;

--
-- Table structure for table `invitations`
--

DROP TABLE IF EXISTS `invitations`;
/*!40101 SET @saved_cs_client     = @@character_set_client */;
/*!40101 SET character_set_client = utf8 */;
CREATE TABLE `invitations` (
  `id` bigint(20) unsigned NOT NULL AUTO_INCREMENT,
  `project_id` bigint(20) unsigned NOT NULL,
  `email` varchar(255) NOT NULL,
  `token` varchar(64) NOT NULL,
  `role` enum('evaluator','observer') NOT NULL DEFAULT 'evaluator',
  `expires_at` timestamp NOT NULL DEFAULT current_timestamp() ON UPDATE current_timestamp(),
  `accepted_at` timestamp NULL DEFAULT NULL,
  `created_at` timestamp NULL DEFAULT NULL,
  `updated_at` timestamp NULL DEFAULT NULL,
  PRIMARY KEY (`id`),
  UNIQUE KEY `invitations_token_unique` (`token`),
  KEY `invitations_project_id_foreign` (`project_id`),
  CONSTRAINT `invitations_project_id_foreign` FOREIGN KEY (`project_id`) REFERENCES `projects` (`id`) ON DELETE CASCADE
) ENGINE=InnoDB AUTO_INCREMENT=3 DEFAULT CHARSET=utf8mb4 COLLATE=utf8mb4_unicode_ci;
/*!40101 SET character_set_client = @saved_cs_client */;

--
-- Dumping data for table `invitations`
--

LOCK TABLES `invitations` WRITE;
/*!40000 ALTER TABLE `invitations` DISABLE KEYS */;
INSERT INTO `invitations` VALUES (1,1,'wellington@uenp.edu.br','Jl5hQlu5qDm60yuuFtEpg2IUKfVPZiWH28ooeeoZBZxDsTakhk24IN0uxkNsCY8Q','evaluator','2026-07-10 21:47:24','2026-07-03 18:41:12','2026-07-03 18:41:12','2026-07-03 21:47:24'),(2,1,'dellamura@usp.br','WMoKFDPeaNkNZNYP1R4Qziv5QtY46WfSgyga04xzhIuOetG3r60oYNYynfASbcYf','evaluator','2026-07-03 18:51:45','2026-07-03 21:51:45','2026-07-03 21:50:54','2026-07-03 21:51:45');
/*!40000 ALTER TABLE `invitations` ENABLE KEYS */;
UNLOCK TABLES;

--
-- Table structure for table `job_batches`
--

DROP TABLE IF EXISTS `job_batches`;
/*!40101 SET @saved_cs_client     = @@character_set_client */;
/*!40101 SET character_set_client = utf8 */;
CREATE TABLE `job_batches` (
  `id` varchar(255) NOT NULL,
  `name` varchar(255) NOT NULL,
  `total_jobs` int(11) NOT NULL,
  `pending_jobs` int(11) NOT NULL,
  `failed_jobs` int(11) NOT NULL,
  `failed_job_ids` longtext NOT NULL,
  `options` mediumtext DEFAULT NULL,
  `cancelled_at` int(11) DEFAULT NULL,
  `created_at` int(11) NOT NULL,
  `finished_at` int(11) DEFAULT NULL,
  PRIMARY KEY (`id`)
) ENGINE=InnoDB DEFAULT CHARSET=utf8mb4 COLLATE=utf8mb4_unicode_ci;
/*!40101 SET character_set_client = @saved_cs_client */;

--
-- Dumping data for table `job_batches`
--

LOCK TABLES `job_batches` WRITE;
/*!40000 ALTER TABLE `job_batches` DISABLE KEYS */;
/*!40000 ALTER TABLE `job_batches` ENABLE KEYS */;
UNLOCK TABLES;

--
-- Table structure for table `jobs`
--

DROP TABLE IF EXISTS `jobs`;
/*!40101 SET @saved_cs_client     = @@character_set_client */;
/*!40101 SET character_set_client = utf8 */;
CREATE TABLE `jobs` (
  `id` bigint(20) unsigned NOT NULL AUTO_INCREMENT,
  `queue` varchar(255) NOT NULL,
  `payload` longtext NOT NULL,
  `attempts` tinyint(3) unsigned NOT NULL,
  `reserved_at` int(10) unsigned DEFAULT NULL,
  `available_at` int(10) unsigned NOT NULL,
  `created_at` int(10) unsigned NOT NULL,
  PRIMARY KEY (`id`),
  KEY `jobs_queue_index` (`queue`)
) ENGINE=InnoDB DEFAULT CHARSET=utf8mb4 COLLATE=utf8mb4_unicode_ci;
/*!40101 SET character_set_client = @saved_cs_client */;

--
-- Dumping data for table `jobs`
--

LOCK TABLES `jobs` WRITE;
/*!40000 ALTER TABLE `jobs` DISABLE KEYS */;
/*!40000 ALTER TABLE `jobs` ENABLE KEYS */;
UNLOCK TABLES;

--
-- Table structure for table `migrations`
--

DROP TABLE IF EXISTS `migrations`;
/*!40101 SET @saved_cs_client     = @@character_set_client */;
/*!40101 SET character_set_client = utf8 */;
CREATE TABLE `migrations` (
  `id` int(10) unsigned NOT NULL AUTO_INCREMENT,
  `migration` varchar(255) NOT NULL,
  `batch` int(11) NOT NULL,
  PRIMARY KEY (`id`)
) ENGINE=InnoDB AUTO_INCREMENT=34 DEFAULT CHARSET=utf8mb4 COLLATE=utf8mb4_unicode_ci;
/*!40101 SET character_set_client = @saved_cs_client */;

--
-- Dumping data for table `migrations`
--

LOCK TABLES `migrations` WRITE;
/*!40000 ALTER TABLE `migrations` DISABLE KEYS */;
INSERT INTO `migrations` VALUES (1,'0001_01_01_000000_create_users_table',1),(2,'0001_01_01_000001_create_cache_table',1),(3,'0001_01_01_000002_create_jobs_table',1),(4,'2026_02_24_000001_create_projects_table',1),(5,'2026_02_24_000002_create_project_members_table',1),(6,'2026_02_24_000003_create_invitations_table',1),(7,'2026_02_24_000004_create_questionnaire_tables',1),(8,'2026_02_24_000005_create_inspections_table',1),(9,'2026_02_24_000006_create_responses_table',1),(10,'2026_02_24_000007_create_result_snapshots_table',1),(11,'2026_02_26_194119_add_icon_and_color_to_projects_table',1),(12,'2026_02_27_003656_add_user_id_to_inspections_table',1),(13,'2026_02_27_144609_add_is_admin_to_users_table',1),(14,'2026_02_27_180958_add_last_login_at_to_users_table',1),(15,'2026_02_27_190750_add_sequential_id_to_inspections_table',1),(16,'2026_02_28_000000_create_evaluation_rounds_table',1),(17,'2026_02_28_000001_create_round_snapshots_table',1),(18,'2026_02_28_000002_add_evaluation_round_id_to_inspections_table',1),(19,'2026_02_28_000003_create_round_publications_table',1),(20,'2026_02_28_133921_create_inspection_publications_table',1),(21,'2026_02_28_134648_add_score_and_medal_to_inspection_publications_table',1),(22,'2026_02_28_999999_add_diagnosis_to_evaluation_rounds_table',1),(23,'2026_03_01_204437_create_round_badges_table',1),(24,'2026_03_02_112120_add_response_profile_to_sections_table',1),(25,'2026_06_09_114921_add_locale_to_users_table',1),(26,'2026_06_21_000001_add_settings_to_projects_table',1),(27,'2026_06_21_000002_add_knowledge_fields_to_questions_table',1),(28,'2026_06_21_000003_add_software_version_to_evaluation_rounds',1),(29,'2026_06_21_000004_create_review_comments_table',1),(30,'2026_06_21_000005_create_consolidated_responses_table',1),(31,'2026_07_03_190611_add_terms_accepted_at_to_users_table',2),(32,'2026_07_03_192040_add_profile_fields_to_users_table',3),(33,'2026_07_03_200035_add_show_evaluations_to_all_to_projects_table',4);
/*!40000 ALTER TABLE `migrations` ENABLE KEYS */;
UNLOCK TABLES;

--
-- Table structure for table `password_reset_tokens`
--

DROP TABLE IF EXISTS `password_reset_tokens`;
/*!40101 SET @saved_cs_client     = @@character_set_client */;
/*!40101 SET character_set_client = utf8 */;
CREATE TABLE `password_reset_tokens` (
  `email` varchar(255) NOT NULL,
  `token` varchar(255) NOT NULL,
  `created_at` timestamp NULL DEFAULT NULL,
  PRIMARY KEY (`email`)
) ENGINE=InnoDB DEFAULT CHARSET=utf8mb4 COLLATE=utf8mb4_unicode_ci;
/*!40101 SET character_set_client = @saved_cs_client */;

--
-- Dumping data for table `password_reset_tokens`
--

LOCK TABLES `password_reset_tokens` WRITE;
/*!40000 ALTER TABLE `password_reset_tokens` DISABLE KEYS */;
/*!40000 ALTER TABLE `password_reset_tokens` ENABLE KEYS */;
UNLOCK TABLES;

--
-- Table structure for table `project_members`
--

DROP TABLE IF EXISTS `project_members`;
/*!40101 SET @saved_cs_client     = @@character_set_client */;
/*!40101 SET character_set_client = utf8 */;
CREATE TABLE `project_members` (
  `id` bigint(20) unsigned NOT NULL AUTO_INCREMENT,
  `project_id` bigint(20) unsigned NOT NULL,
  `user_id` bigint(20) unsigned NOT NULL,
  `role` enum('owner','evaluator','observer') NOT NULL,
  `created_at` timestamp NULL DEFAULT NULL,
  `updated_at` timestamp NULL DEFAULT NULL,
  PRIMARY KEY (`id`),
  UNIQUE KEY `project_members_project_id_user_id_unique` (`project_id`,`user_id`),
  KEY `project_members_user_id_foreign` (`user_id`),
  CONSTRAINT `project_members_project_id_foreign` FOREIGN KEY (`project_id`) REFERENCES `projects` (`id`) ON DELETE CASCADE,
  CONSTRAINT `project_members_user_id_foreign` FOREIGN KEY (`user_id`) REFERENCES `users` (`id`) ON DELETE CASCADE
) ENGINE=InnoDB AUTO_INCREMENT=5 DEFAULT CHARSET=utf8mb4 COLLATE=utf8mb4_unicode_ci;
/*!40101 SET character_set_client = @saved_cs_client */;

--
-- Dumping data for table `project_members`
--

LOCK TABLES `project_members` WRITE;
/*!40000 ALTER TABLE `project_members` DISABLE KEYS */;
INSERT INTO `project_members` VALUES (1,1,2,'owner','2026-07-03 21:16:52','2026-07-03 21:16:52'),(2,1,3,'evaluator','2026-07-03 18:41:12','2026-07-03 21:48:46'),(3,1,4,'evaluator','2026-07-03 21:51:45','2026-07-03 21:51:45'),(4,2,3,'owner','2026-07-08 17:18:41','2026-07-08 17:18:41');
/*!40000 ALTER TABLE `project_members` ENABLE KEYS */;
UNLOCK TABLES;

--
-- Table structure for table `projects`
--

DROP TABLE IF EXISTS `projects`;
/*!40101 SET @saved_cs_client     = @@character_set_client */;
/*!40101 SET character_set_client = utf8 */;
CREATE TABLE `projects` (
  `id` bigint(20) unsigned NOT NULL AUTO_INCREMENT,
  `name` varchar(255) NOT NULL,
  `description` text DEFAULT NULL,
  `url` varchar(255) DEFAULT NULL,
  `icon` varchar(255) DEFAULT NULL,
  `color` varchar(255) DEFAULT NULL,
  `owner_id` bigint(20) unsigned NOT NULL,
  `created_at` timestamp NULL DEFAULT NULL,
  `updated_at` timestamp NULL DEFAULT NULL,
  `deleted_at` timestamp NULL DEFAULT NULL,
  `require_evidence_for_high` tinyint(1) NOT NULL DEFAULT 0,
  `consensus_model` varchar(30) NOT NULL DEFAULT 'owner_decides',
  `is_self_assessment` tinyint(1) NOT NULL DEFAULT 0,
  `show_evaluations_to_all` tinyint(1) NOT NULL DEFAULT 0,
  PRIMARY KEY (`id`),
  KEY `projects_owner_id_foreign` (`owner_id`),
  CONSTRAINT `projects_owner_id_foreign` FOREIGN KEY (`owner_id`) REFERENCES `users` (`id`) ON DELETE CASCADE
) ENGINE=InnoDB AUTO_INCREMENT=3 DEFAULT CHARSET=utf8mb4 COLLATE=utf8mb4_unicode_ci;
/*!40101 SET character_set_client = @saved_cs_client */;

--
-- Dumping data for table `projects`
--

LOCK TABLES `projects` WRITE;
/*!40000 ALTER TABLE `projects` DISABLE KEYS */;
INSERT INTO `projects` VALUES (1,'NutriLife','Projeto de Nutrição','https://examples.mitratool.com.br/1_nutrilife/v1_nutrilife.html','rocket-launch','secondary-3',2,'2026-07-03 21:16:52','2026-07-04 08:19:31',NULL,1,'owner_decides',0,0),(2,'dsadsad','sadsadsad','https://fgdhfdsf.fdfds','server','primary',3,'2026-07-08 17:18:41','2026-07-08 17:18:41',NULL,0,'owner_decides',0,0);
/*!40000 ALTER TABLE `projects` ENABLE KEYS */;
UNLOCK TABLES;

--
-- Table structure for table `questionnaire_versions`
--

DROP TABLE IF EXISTS `questionnaire_versions`;
/*!40101 SET @saved_cs_client     = @@character_set_client */;
/*!40101 SET character_set_client = utf8 */;
CREATE TABLE `questionnaire_versions` (
  `id` bigint(20) unsigned NOT NULL AUTO_INCREMENT,
  `version_number` int(11) NOT NULL,
  `is_active` tinyint(1) NOT NULL DEFAULT 0,
  `created_at` timestamp NULL DEFAULT NULL,
  `updated_at` timestamp NULL DEFAULT NULL,
  PRIMARY KEY (`id`),
  UNIQUE KEY `questionnaire_versions_version_number_unique` (`version_number`)
) ENGINE=InnoDB AUTO_INCREMENT=2 DEFAULT CHARSET=utf8mb4 COLLATE=utf8mb4_unicode_ci;
/*!40101 SET character_set_client = @saved_cs_client */;

--
-- Dumping data for table `questionnaire_versions`
--

LOCK TABLES `questionnaire_versions` WRITE;
/*!40000 ALTER TABLE `questionnaire_versions` DISABLE KEYS */;
INSERT INTO `questionnaire_versions` VALUES (1,1,1,'2026-06-22 20:33:51','2026-06-22 20:33:51');
/*!40000 ALTER TABLE `questionnaire_versions` ENABLE KEYS */;
UNLOCK TABLES;

--
-- Table structure for table `questions`
--

DROP TABLE IF EXISTS `questions`;
/*!40101 SET @saved_cs_client     = @@character_set_client */;
/*!40101 SET character_set_client = utf8 */;
CREATE TABLE `questions` (
  `id` bigint(20) unsigned NOT NULL AUTO_INCREMENT,
  `category_id` bigint(20) unsigned NOT NULL,
  `text` longtext CHARACTER SET utf8mb4 COLLATE utf8mb4_bin NOT NULL CHECK (json_valid(`text`)),
  `order` int(11) NOT NULL,
  `created_at` timestamp NULL DEFAULT NULL,
  `updated_at` timestamp NULL DEFAULT NULL,
  `tooltip` longtext CHARACTER SET utf8mb4 COLLATE utf8mb4_bin DEFAULT NULL CHECK (json_valid(`tooltip`)),
  `good_practice_example` longtext CHARACTER SET utf8mb4 COLLATE utf8mb4_bin DEFAULT NULL CHECK (json_valid(`good_practice_example`)),
  `bad_practice_example` longtext CHARACTER SET utf8mb4 COLLATE utf8mb4_bin DEFAULT NULL CHECK (json_valid(`bad_practice_example`)),
  PRIMARY KEY (`id`),
  KEY `questions_category_id_foreign` (`category_id`),
  CONSTRAINT `questions_category_id_foreign` FOREIGN KEY (`category_id`) REFERENCES `categories` (`id`) ON DELETE CASCADE
) ENGINE=InnoDB AUTO_INCREMENT=47 DEFAULT CHARSET=utf8mb4 COLLATE=utf8mb4_unicode_ci;
/*!40101 SET character_set_client = @saved_cs_client */;

--
-- Dumping data for table `questions`
--

LOCK TABLES `questions` WRITE;
/*!40000 ALTER TABLE `questions` DISABLE KEYS */;
INSERT INTO `questions` VALUES (1,1,'{\"pt_BR\":\"Informações sobre os atores tais como: Nome, endereço, telefone, e-mail e responsável pela empresa?\",\"en\":\"Information about the actors such as: Name, address, phone, email, and company representative?\"}',1,'2026-06-22 20:33:51','2026-06-22 20:33:51','{\"pt_BR\":\"Onde buscar a informação: Tanto em sites brasileiros quanto americanos, essas informações costumam (ou deveria) ficar nas seções \\\"Política de Privacidade\\\" (Privacy Policy), \\\"Aviso de Privacidade\\\" (Privacy Notice) ou \\\"Fale Conosco\\\" (Contact Us).\\r\\nComo julgar (Dica Prática): Marque Suficiente se o software fornece a identificação completa: nome da empresa, endereço físico, telefone, um e-mail de contato e cita o Encarregado de Dados/DPO.\\r\\nMarque Insuficiente se a empresa disponibiliza apenas um formulário de contato genérico (sem telefone ou endereço) ou apenas um e-mail vago como contato@empresa.com, pois a informação está presente, mas é incompleta ou pouco clara.\\r\\nMarque Inexistente se não há nenhuma menção sobre quem controla os dados.\",\"en\":\"Where to find the information: On both Brazilian and American websites, this information is usually (or should be) found in the “Privacy Policy,” “Privacy Notice,” or “Contact Us” sections.\\r\\nHow to evaluate (Practical Tip): Rate as “Sufficient” if the software provides complete identification: company name, physical address, phone number, a contact email address, and mentions the Data Protection Officer (DPO).\\r\\nSelect “Insufficient” if the company provides only a generic contact form (without a phone number or address) or only a vague email address such as contato@empresa.com, since the information is present but incomplete or unclear.\\r\\nSelect “Nonexistent” if there is no mention of who controls the data.\"}','{\"pt_BR\":\"Apresentação dos metadados completos de identificação (nome, endereço, telefone e outros dados de contato)\\r\\nÉ fundamental declarar de forma clara qual é o papel ou a tarefa que esse actor exerce no tratamento dos dados pessoais.\\r\\n\\r\\nExemplo de Boa Prática:\\r\\nControlador de Dados (Controller): Empresa de Tecnologia S.A. \\r\\nFunção: Responsável por definir a coleta e o uso dos seus dados pessoais. \\r\\nEndereço: Avenida Principal, 1000 - São Paulo, SP. \\r\\nTelefone: (11) 9999-9999\\r\\n\\r\\nEncarregado de Proteção de Dados / DPO (Protection Office): João Silva \\r\\nE-mail direto para assuntos de privacidade: privacidade@empresadetecnologia.com.br\\r\\n\\r\\nApresentar as informações dessa maneira é considerado o formato ideal porque não apenas lista os dados de contato do responsável, mas também cumpre a diretriz específica do TR-Model de classificar o tipo do ator na operação, indicando explicitamente se ele atua como o Controlador (Controller), o Escritório/Encarregado de Proteção de Dados (Protection Office) ou um Destinatário (Recipient).\",\"en\":\"Provision of complete identifying metadata (name, address, phone number, and other contact information)\\r\\nIt is essential to clearly state the role or task that this party performs in the processing of personal data.\\r\\n\\r\\nExample of Best Practice:\\r\\nData Controller: Technology Company, Inc. \\r\\nRole: Responsible for determining the collection and use of your personal data. \\r\\nAddress: Main Avenue, 1000 - São Paulo, SP. \\r\\nPhone: (11) 9999-9999\\r\\n\\r\\nData Protection Officer (DPO): João Silva \\r\\nDirect email for privacy matters: privacidade@empresadetecnologia.com.br\\r\\n\\r\\nPresenting the information in this manner is considered the ideal format because it not only lists the contact information of the responsible party but also complies with the specific TR-Model guideline to classify the type of actor in the operation, explicitly indicating whether they act as the Controller, the Data Protection Office, or a Recipient.\"}','{\"pt_BR\":\"A aplicação não fornece os metadados mínimos exigidos (nome, endereço, telefone, e-mail) ou não deixa claro qual é o papel daquele ator (ex: Controlador ou Encarregado de Dados).\\r\\n\\r\\nExemplo 1: Informação Insuficiente (Vale 50 pontos)\\r\\n\\\"Nós nos preocupamos com seus dados. Para qualquer dúvida sobre sua privacidade ou sobre esta política, envie um e-mail para contato@empresa.com.\\\"\\r\\n\\r\\nPor que é uma má prática? A informação até existe, mas é considerada \\\"incompleta, muito genérica ou pouco clara\\\"\\r\\nFaltam dados cruciais definidos pelo TR-Model, como o endereço físico da empresa, um número de telefone, a identificação clara de quem é o responsável (DPO) e a definição explícita do papel da empresa como \\\"Controladora\\\".\\r\\n\\r\\nExemplo 2: Informação Inexistente (Vale 0 pontos)\\r\\nO aplicativo possui uma Política de Privacidade que apenas descreve que coleta cookies e dados de navegação, mas no final da página disponibiliza apenas um formulário em branco escrito \\\"Fale Conosco\\\", sem mencionar o nome da empresa responsável pelos dados em lugar nenhum.\\r\\nPor que é uma má prática? Neste caso, a informação sobre os atores não está disponível na aplicação. \\r\\nO titular dos dados não tem como saber legalmente quem é a empresa que está processando suas informações e não possui canais diretos e identificáveis (como telefone ou e-mail do encarregado) para exercer seus direitos de privacidade.\",\"en\":\"The application does not provide the minimum required metadata (name, address, phone number, email) or does not make clear what that party’s role is (e.g., Data Controller or Data Processor).\\r\\n\\r\\nExample 1: Insufficient Information (Worth 50 points)\\r\\n“We care about your data. If you have any questions about your privacy or this policy, please email contato@empresa.com.”\\r\\n\\r\\nWhy is this a bad practice? The information is present, but it is considered “incomplete, too generic, or unclear.”\\r\\nCrucial details defined by the TR-Model are missing, such as the company’s physical address, a phone number, clear identification of who is responsible (DPO), and an explicit definition of the company’s role as a “Data Controller.”\\r\\n\\r\\nExample 2: Missing Information (0 points)\\r\\nThe app has a Privacy Policy that merely states it collects cookies and browsing data, but at the bottom of the page, it only provides a blank form labeled “Contact Us,” without mentioning the name of the company responsible for the data anywhere.\\r\\nWhy is this a bad practice? In this case, information about the parties involved is not available in the app. \\r\\nThe data subject has no legal way of knowing which company is processing their information and lacks direct, identifiable channels (such as a phone number or email address for the person in charge) to exercise their privacy rights.\"}'),(2,1,'{\"pt_BR\":\"Informações que indicam quais são as agências de proteção de dados que regulamentam o uso dos dados pessoais pelos atores?\",\"en\":\"Information indicating which data protection agencies regulate the use of personal data by the actors?\"}',2,'2026-06-22 20:33:51','2026-06-22 20:33:51','{\"pt_BR\":\"Onde buscar a informação: Nas seções de conformidade, base legal ou nos direitos do titular da Política de Privacidade.\\r\\nComo julgar: Marque Suficiente se cita explicitamente a autoridade reguladora (ex: ANPD no Brasil, DPC na Irlanda, etc.) com links ou meios de contato. Marque Insuficiente se apenas diz \\\"obedecemos às leis locais\\\" sem especificar qual órgão supervisiona. Marque Inexistente se não há qualquer menção a autoridades de regulação.\",\"en\":\"Where to find the information: In compliance, legal basis, or user rights sections of the Privacy Policy.\\r\\nHow to evaluate: Rate as \\\"Sufficient\\\" if it explicitly names the regulatory authority (e.g., ANPD in Brazil, DPC in Ireland) with links or contact info. Rate as \\\"Insufficient\\\" if it vague states \\\"we comply with local laws\\\" without naming the agency. Rate as \\\"Nonexistent\\\" if there is no mention of regulatory bodies.\"}','{\"pt_BR\":\"A empresa declara: \\\"Nossas operações são supervisionadas pela Autoridade Nacional de Proteção de Dados (ANPD). Caso queira registrar uma reclamação, você pode acessar o portal oficial deles em anpd.gov.br ou enviar um e-mail para anpd@anpd.gov.br.\\\"\",\"en\":\"The company states: \\\"Our data processing practices are regulated by the Data Protection Commission (DPC). You can file complaints directly with them via their portal at dataprotection.ie or by emailing info@dataprotection.ie.\\\"\"}','{\"pt_BR\":\"Exemplo 1 (Insuficiente): \\\"Processamos dados sob a regulamentação governamental aplicável à nossa sede.\\\" (Não diz qual é a agência).\\r\\nExemplo 2 (Inexistente): Nenhuma menção a agências ou órgãos fiscalizadores de privacidade.\",\"en\":\"Example 1 (Insufficient): \\\"We process data under the applicable government regulations at our headquarters.\\\" (Does not name the agency).\\r\\nExample 2 (Nonexistent): Absolutely no mention of regulatory or supervisory privacy bodies.\"}'),(3,1,'{\"pt_BR\":\"Informações sobre o papel (função) de cada actor no uso dos dados pessoais?\",\"en\":\"Information about the role (function) of each actor in the use of personal data?\"}',3,'2026-06-22 20:33:51','2026-06-22 20:33:51','{\"pt_BR\":\"Onde buscar a informação: Seções de definições ou atribuições de responsabilidade.\\r\\nComo julgar: Marque Suficiente se define claramente quem atua como Controlador, Processador/Operador, Destinatário ou Encarregado. Marque Insuficiente se cita terceiros ou parceiros mas não define o papel jurídico/técnico deles no fluxo. Marque Inexistente se não define a função de nenhum ator.\",\"en\":\"Where to find the information: In definitions or responsibility assignment sections.\\r\\nHow to evaluate: Rate as \\\"Sufficient\\\" if it clearly defines who acts as Controller, Processor, Recipient, or DPO. Rate as \\\"Insufficient\\\" if it mentions third parties but fails to specify their legal or technical role. Rate as \\\"Nonexistent\\\" if roles are not defined.\"}','{\"pt_BR\":\"Apresentar em tabela:\\r\\nControlador: Empresa ABC Ltda. (define as finalidades)\\r\\nOperador: Serviço de Nuvem XYZ (hospeda o banco de dados)\\r\\nEncarregado (DPO): Marcos Silva (atende os titulares).\",\"en\":\"Presenting in a table:\\r\\nData Controller: ABC Company Ltd. (defines purposes)\\r\\nData Processor: XYZ Cloud Hosting (hosts the database)\\r\\nDPO: Marcos Silva (handles user requests).\"}','{\"pt_BR\":\"Exemplo 1 (Insuficiente): \\\"Seus dados podem ser compartilhados com nossos parceiros tecnológicos.\\\" (Sem definir quem é o operador ou controlador).\\r\\nExemplo 2 (Inexistente): Sem qualquer definição de papéis ou funções.\",\"en\":\"Example 1 (Insufficient): \\\"We share details with technological partners.\\\" (Without specifying controller or processor roles).\\r\\nExample 2 (Nonexistent): No roles or definitions specified.\"}'),(4,2,'{\"pt_BR\":\"Descrição do objetivo de uso dos dados pessoais.\",\"en\":\"Description of the purpose of use of personal data.\"}',1,'2026-06-22 20:33:51','2026-06-22 20:33:51','{\"pt_BR\":\"Onde buscar: Na seção \\\"Como usamos seus dados\\\" ou \\\"Propósitos de tratamento\\\".\\r\\nComo julgar: Suficiente: Lista detalhadamente cada finalidade específica vinculando-a aos respectivos dados. Insuficiente: Finalidades muito amplas e genéricas como \\\"melhorar sua experiência\\\" ou \\\"fins comerciais\\\". Inexistente: Sem qualquer menção aos objetivos.\",\"en\":\"Where to find: In sections like \\\"How we use your data\\\" or \\\"Purposes of processing\\\".\\r\\nHow to evaluate: Sufficient: Lists detailed, specific purposes mapped to data types. Insufficient: Extremely broad and generic purposes like \\\"improving your experience\\\" or \\\"business purposes\\\". Nonexistent: No description of goals.\"}','{\"pt_BR\":\"\\\"Coletamos seu e-mail especificamente para enviar nossa newsletter semanal e confirmar transações financeiras. O seu histórico de compras é usado para gerar recomendações personalizadas no seu feed.\\\"\",\"en\":\"\\\"We collect your email address strictly to send our monthly newsletter and confirm financial transactions. Your purchase history is analyzed to display personalized recommendations on your feed.\\\"\"}','{\"pt_BR\":\"Exemplo 1 (Insuficiente): \\\"Coletamos seus dados para fins gerais da plataforma e publicidade comercial.\\\" (Muito genérico).\\r\\nExemplo 2 (Inexistente): A política não explica por que coleta ou usa os dados.\",\"en\":\"Example 1 (Insufficient): \\\"We collect your data for general platform improvements and commercial advertisements.\\\" (Too generic).\\r\\nExample 2 (Nonexistent): The policy does not explain the reasons for collecting or using data.\"}'),(5,2,'{\"pt_BR\":\"Informação sobre a lei/regulamentação que torna o uso dos dados pessoais legal.\",\"en\":\"Information about the law/regulation that makes the use of personal data legal.\"}',2,'2026-06-22 20:33:51','2026-06-22 20:33:51','{\"pt_BR\":\"Onde buscar: Na seção \\\"Bases Legais\\\" ou \\\"Fundamentação jurídica\\\".\\r\\nComo julgar: Suficiente: Aponta as bases legais (ex: consentimento, execução de contrato, legítimo interesse) correlacionadas com a LGPD ou GDPR. Insuficiente: Apenas cita a lei genericamente (ex: \\\"estamos em conformidade com a LGPD\\\") sem vincular à base específica do tratamento. Inexistente: Sem menção a bases legais.\",\"en\":\"Where to find: In the \\\"Legal Bases\\\" or \\\"Lawful basis for processing\\\" section.\\r\\nHow to evaluate: Sufficient: Explicitly names the legal bases (consent, performance of contract, legitimate interest) mapped to the processing. Insufficient: Vaguely mentions compliance with a law overall without identifying specific bases. Nonexistent: No legal basis cited.\"}','{\"pt_BR\":\"\\\"O tratamento de seu nome e CPF é realizado com base na Execução de Contrato (Art. 7º, V da LGPD). O envio de e-mails promocionais é feito sob Consentimento (Art. 7º, I da LGPD).\\\"\",\"en\":\"\\\"Processing of your name and payment info is based on the Performance of a Contract (Art. 6(1)(b) of GDPR). Promotional emails are sent based on your Consent (Art. 6(1)(a) of GDPR).\\\"\"}','{\"pt_BR\":\"Exemplo 1 (Insuficiente): \\\"Respeitamos toda a legislação de privacidade brasileira vigente no tratamento de dados.\\\" (Não aponta a base específica).\\r\\nExemplo 2 (Inexistente): Sem qualquer justificativa ou base jurídica.\",\"en\":\"Example 1 (Insufficient): \\\"We comply with all relevant global privacy laws in our processing.\\\" (Lacks specific lawful bases mapping).\\r\\nExample 2 (Nonexistent): No legal references or bases whatsoever.\"}'),(6,2,'{\"pt_BR\":\"Informações sobre quais dados pessoais serão utilizados para atingir os objetivos apontados.\",\"en\":\"Information about which personal data will be used to achieve the stated objectives.\"}',3,'2026-06-22 20:33:51','2026-06-22 20:33:51','{\"pt_BR\":\"Onde buscar: Na tabela de finalidades ou seções de dados coletados.\\r\\nComo julgar: Suficiente: Mapeia de forma explícita a relação (ex: Finalidade X exige Dados Y e Z). Insuficiente: Lista os dados de um lado e as finalidades do outro, sem cruzá-los claramente. Inexistente: Sem correlação.\",\"en\":\"Where to find: In purposes table or data collection section.\\r\\nHow to evaluate: Sufficient: Explicitly maps the relation (e.g., Purpose X requires Data Y and Z). Insufficient: Lists data types and lists purposes separately without clarifying which data is used for which purpose. Nonexistent: No mapping.\"}','{\"pt_BR\":\"Tabela relacionando:\\r\\nFinalidade: \\\"Entrega de Produtos\\\" -> Dados Usados: \\\"Nome completo, Endereço de entrega, Telefone\\\".\\r\\nFinalidade: \\\"Segurança do login\\\" -> Dados Usados: \\\"IP, Dados do dispositivo\\\".\",\"en\":\"Mapping table:\\r\\nPurpose: \\\"Product Delivery\\\" -> Data Used: \\\"Full name, Delivery address, Phone\\\".\\r\\nPurpose: \\\"Account Security\\\" -> Data Used: \\\"IP address, Device characteristics\\\".\"}','{\"pt_BR\":\"Exemplo 1 (Insuficiente): \\\"Coletamos dados cadastrais e de navegação. Usamos dados para entregar produtos e exibir publicidade.\\\" (Não diz quais dados vão para qual finalidade).\\r\\nExemplo 2 (Inexistente): Sem relação.\",\"en\":\"Example 1 (Insufficient): \\\"We collect registration and browsing data. We use data to ship orders and display ads.\\\" (Doesn\'t specify which data goes to which activity).\\r\\nExample 2 (Nonexistent): No linkage whatsoever.\"}'),(7,2,'{\"pt_BR\":\"Informação do ator responsável legal pelo uso dos dados pessoais.\",\"en\":\"Information about the actor legally responsible for the use of personal data.\"}',4,'2026-06-22 20:33:51','2026-06-22 20:33:51','{\"pt_BR\":\"Onde buscar: Seções de responsabilidades, termos de uso ou introdução da Política de Privacidade.\\r\\nComo julgar: Suficiente: Declara explicitamente qual entidade jurídica (Razão Social, CNPJ) é a controladora responsável legal. Insuficiente: Cita apenas a marca fantasia ou nome informal sem dados legais (ex: \\\"nossa plataforma\\\"). Inexistente: Sem identificação de responsável legal.\",\"en\":\"Where to find: Liability, terms of service, or introduction of the Privacy Policy.\\r\\nHow to evaluate: Sufficient: Explicitly states which legal entity (Corporate Name, tax ID) is the Data Controller. Insufficient: Mentions only the brand name or informal name (e.g., \\\"our app\\\") without legal registry data. Nonexistent: No legal controller identified.\"}','{\"pt_BR\":\"\\\"A pessoa jurídica responsável pelo tratamento dos seus dados (Controladora) é a Alfa Soluções de Software Ltda., inscrita sob o CNPJ nº 00.000.000/0001-00.\\\"\",\"en\":\"\\\"The legal entity responsible for processing your data (Data Controller) is Alpha Software Solutions LLC, registered with tax ID 00-0000000.\\\"\"}','{\"pt_BR\":\"Exemplo 1 (Insuficiente): \\\"Esta política é mantida pelo time da PrivacyApp.\\\" (Marca fantasia sem dados legais).\\r\\nExemplo 2 (Inexistente): Nenhuma identificação de quem é o responsável legal pela guarda dos dados.\",\"en\":\"Example 1 (Insufficient): \\\"This policy is maintained by the PrivacyApp team.\\\" (Brand name only, missing official corporate registration).\\r\\nExample 2 (Nonexistent): No entity identified as legally responsible for the data.\"}'),(8,2,'{\"pt_BR\":\"Informações sobre a existência, ou não, da utilização ou processamento de dados pessoais feitas exclusivamente por computador, sem a supervisão humana.\",\"en\":\"Information about whether or not personal data is used or processed exclusively by computer, without human supervision.\"}',5,'2026-06-22 20:33:51','2026-06-22 20:33:51','{\"pt_BR\":\"Onde buscar: Seções sobre decisões automatizadas, inteligência artificial ou perfilamento (profiling).\\r\\nComo julgar: Suficiente: Explica claramente se há decisões 100% automatizadas (ex: análise de crédito automatizada), descrevendo a lógica e os direitos de revisão. Insuficiente: Apenas diz que usa algoritmos sem explicar os impactos ou se há intervenção humana. Inexistente: Sem menção a processos automatizados.\",\"en\":\"Where to find: Sections discussing automated decision-making, artificial intelligence, or profiling.\\r\\nHow to evaluate: Sufficient: Explains clearly if there are 100% automated decisions (e.g., credit scoring), detailing the logic and user rights to request manual review. Insufficient: Vaguely mentions using algorithms without explaining outcomes or human involvement. Nonexistent: No mention of automated decisions.\"}','{\"pt_BR\":\"\\\"Realizamos análise automática de crédito via algoritmo para liberação instantânea de limite. Essa decisão é exclusivamente computacional. Caso discorde, você pode solicitar a revisão humana entrando em contato no e-mail revisao@empresa.com.\\\"\",\"en\":\"\\\"We perform automated credit risk scoring using algorithms to determine loan approval. This decision is entirely automated. You have the right to request a manual review by contacting review@company.com.\\\"\"}','{\"pt_BR\":\"Exemplo 1 (Insuficiente): \\\"Usamos algoritmos avançados para melhorar suas ofertas.\\\" (Não deixa claro se a decisão é 100% automatizada e se afeta direitos).\\r\\nExemplo 2 (Inexistente): Sem informações sobre o tema.\",\"en\":\"Example 1 (Insufficient): \\\"We use advanced algorithms to optimize offers.\\\" (Doesn\'t specify if decisions are purely automated and how users can challenge them).\\r\\nExample 2 (Nonexistent): No mention of algorithms or automated processing.\"}'),(9,2,'{\"pt_BR\":\"Informações sobre o período de manipulação dos dados pessoais para o propósito indicado.\",\"en\":\"Information about the period of personal data handling for the indicated purpose.\"}',6,'2026-06-22 20:33:51','2026-06-22 20:33:51','{\"pt_BR\":\"Onde buscar: Na seção \\\"Retenção de dados\\\" ou \\\"Por quanto tempo guardamos seus dados\\\".\\r\\nComo julgar: Suficiente: Indica prazos específicos (ex: 5 anos, duração da conta) ou critérios claros para definição. Insuficiente: Termos vagos como \\\"guardamos pelo tempo que julgarmos necessário\\\". Inexistente: Sem prazos.\",\"en\":\"Where to find: In \\\"Data Retention\\\" or \\\"How long we store your data\\\" sections.\\r\\nHow to evaluate: Sufficient: Specifies concrete retention periods (e.g., 5 years, duration of account) or clear evaluation criteria. Insufficient: Vague terms like \\\"we store data for as long as we see fit\\\". Nonexistent: No retention info.\"}','{\"pt_BR\":\"\\\"Seus dados cadastrais são armazenados por até 5 anos após o encerramento do contrato para atender obrigações fiscais e regulatórias. Logs de acesso são excluídos após 6 meses (exigência do Marco Civil da Internet).\\\"\",\"en\":\"\\\"Your account profile data is stored for up to 5 years after account termination to meet tax and regulatory obligations. Access logs are deleted automatically after 6 months (under local regulations).\\\"\"}','{\"pt_BR\":\"Exemplo 1 (Insuficiente): \\\"Armazenamos seus dados por tempo indeterminado ou conforme considerarmos necessário.\\\"\\r\\nExemplo 2 (Inexistente): Sem qualquer seção de retenção ou prazos.\",\"en\":\"Example 1 (Insufficient): \\\"We store your information indefinitely or for as long as we consider it useful.\\\"\\r\\nExample 2 (Nonexistent): No data retention policy details are stated.\"}'),(10,3,'{\"pt_BR\":\"Informações de quais dados pessoais são utilizados.\",\"en\":\"Information about which personal data is used.\"}',1,'2026-06-22 20:33:51','2026-06-22 20:33:51','{\"pt_BR\":\"Onde buscar: Seção \\\"Dados Coletados\\\" ou \\\"Quais dados tratamos\\\".\\r\\nComo julgar: Suficiente: Lista as categorias e itens de dados detalhadamente (ex: nome, CPF, geolocalização, dados bancários). Insuficiente: Agrupa tudo em termos amplos sem discriminar (ex: \\\"dados cadastrais e outras informações úteis\\\"). Inexistente: Sem lista.\",\"en\":\"Where to find: \\\"Data Collected\\\" or \\\"Which data we process\\\" section.\\r\\nHow to evaluate: Sufficient: Lists categories and specific items of data collected (e.g., name, national identifier, geolocation, financial logs). Insufficient: Groups everything under generic headers without detail (e.g., \\\"sign-up info and other useful data\\\"). Nonexistent: No list.\"}','{\"pt_BR\":\"\\\"Coletamos os seguintes dados pessoais: 1. Identificação (Nome, CPF); 2. Contato (E-mail, telefone); 3. Financeiros (Dados do cartão criptografados, histórico de pagamentos).\\\"\",\"en\":\"\\\"We collect the following personal data: 1. Identification (Full name, Tax ID); 2. Contact details (Email, phone); 3. Financial details (Encrypted card data, payment history).\\\"\"}','{\"pt_BR\":\"Exemplo 1 (Insuficiente): \\\"Coletamos as informações que você nos fornece ao usar a aplicação.\\\" (Vago, não detalha quais dados).\\r\\nExemplo 2 (Inexistente): Sem especificação dos dados tratados.\",\"en\":\"Example 1 (Insufficient): \\\"We collect the information you give us when using our app.\\\" (Too vague, does not specify data items).\\r\\nExample 2 (Nonexistent): No details or specifications of what data is collected.\"}'),(11,3,'{\"pt_BR\":\"Descrição de como os dados pessoais são compostos (detalhes que possam explicar melhor os dados pessoais).\",\"en\":\"Description of how personal data is composed (details that can better explain the personal data).\"}',2,'2026-06-22 20:33:51','2026-06-22 20:33:51','{\"pt_BR\":\"Onde buscar: Definições ou seções detalhadas de dados.\\r\\nComo julgar: Suficiente: Explica a composição granular de dados complexos (ex: \\\"Localização é composta por latitude, longitude, data e hora\\\"). Insuficiente: Apenas cita termos técnicos como \\\"metadados do dispositivo\\\" sem descrever o que há dentro. Inexistente: Sem detalhes de composição.\",\"en\":\"Where to find: Definitions or detailed data explanation sections.\\r\\nHow to evaluate: Sufficient: Explains the granular composition of complex data (e.g., \\\"Location consists of latitude, longitude, date, and time\\\"). Insufficient: Vaguely lists technical terms like \\\"device metadata\\\" without detailing what it contains. Nonexistent: No composition details.\"}','{\"pt_BR\":\"\\\"O dado de Geolocalização é composto por: Latitude + Longitude + Precisão do sinal do GPS + Data/Hora do registro.\\\"\",\"en\":\"\\\"Geolocation data is composed of: Latitude + Longitude + GPS signal accuracy + Timestamp of the record.\\\"\"}','{\"pt_BR\":\"Exemplo 1 (Insuficiente): \\\"Coletamos geolocalização e dados de rede.\\\" (Não explica o que compõe esses dados).\\r\\nExemplo 2 (Inexistente): Nenhuma explicação.\",\"en\":\"Example 1 (Insufficient): \\\"We collect geolocation and network logs.\\\" (No definition of what values these data sets contain).\\r\\nExample 2 (Nonexistent): No breakdown or definitions of the data categories.\"}'),(12,3,'{\"pt_BR\":\"Informações sobre a origem dos dados (dispositivos, compra de terceiros, compartilhamento etc).\",\"en\":\"Information about the origin of the data (devices, third-party purchase, sharing, etc.).\"}',3,'2026-06-22 20:33:51','2026-06-22 20:33:51','{\"pt_BR\":\"Onde buscar: Na seção \\\"Como coletamos seus dados\\\" ou \\\"Origem dos dados\\\".\\r\\nComo julgar: Suficiente: Identifica se os dados vêm diretamente do titular, de parceiros, de fontes públicas ou de sensores/cookies. Insuficiente: Diz apenas que coleta \\\"de forma direta e indireta\\\" de forma genérica. Inexistente: Não menciona a origem.\",\"en\":\"Where to find: In \\\"How we collect your data\\\" or \\\"Data sources\\\" sections.\\r\\nHow to evaluate: Sufficient: Identifies if data is collected directly from the user, from partners, from public databases, or automatically via cookies/sensors. Insufficient: States generically \\\"we collect data directly and indirectly\\\". Nonexistent: No source information.\"}','{\"pt_BR\":\"\\\"Coletamos seus dados cadastrais diretamente quando você se registra. Dados de navegação são coletados automaticamente do seu dispositivo (via cookies) e dados de crédito são obtidos de birôs como o Serasa.\\\"\",\"en\":\"\\\"Your registration details are collected directly from you. Browsing data is gathered automatically from your device (via cookies), and credit scores are sourced from credit bureaus such as Experian.\\\"\"}','{\"pt_BR\":\"Exemplo 1 (Insuficiente): \\\"Coletamos informações de várias fontes disponíveis no mercado.\\\" (Não especifica as origens).\\r\\nExemplo 2 (Inexistente): Sem informação sobre a origem dos dados.\",\"en\":\"Example 1 (Insufficient): \\\"We collect data from various market sources.\\\" (Fails to specify the actual origins of the data).\\r\\nExample 2 (Nonexistent): No source information provided.\"}'),(13,3,'{\"pt_BR\":\"Em caso de obrigatoriedade da disponibilização dos dados pelos indivíduos, informações sobre o que pode ocorrer no caso da não coleta dos dados.\",\"en\":\"In case of mandatory data provision by individuals, information about what may happen if the data is not collected.\"}',4,'2026-06-22 20:33:51','2026-06-22 20:33:51','{\"pt_BR\":\"Onde buscar: Nas telas de cadastro ou em seções sobre \\\"Consequências da não disponibilização\\\".\\r\\nComo julgar: Suficiente: Informa quais dados são obrigatórios e as consequências (ex: \\\"Sem o CPF, não poderemos emitir a nota fiscal e concluir a compra\\\"). Insuficiente: Apenas marca com asterisco (*) sem explicar os impactos reais no serviço. Inexistente: Sem avisos.\",\"en\":\"Where to find: On signup screens or in sections about \\\"Consequences of not providing data\\\".\\r\\nHow to evaluate: Sufficient: Details which data is mandatory and what happens if not provided (e.g., \\\"Without your SSN, we cannot issue the invoice and complete the purchase\\\"). Insufficient: Uses asterisks (*) next to fields without explaining the consequences. Nonexistent: No warnings.\"}','{\"pt_BR\":\"\\\"O fornecimento do seu endereço de entrega é obrigatório. Caso escolha não fornecê-lo, a entrega dos produtos físicos não poderá ser realizada, e sua compra será cancelada.\\\"\",\"en\":\"\\\"Providing your delivery address is mandatory. If you choose not to provide it, we cannot ship physical products, and your transaction will be cancelled.\\\"\"}','{\"pt_BR\":\"Exemplo 1 (Insuficiente): \\\"Campos marcados com * são obrigatórios.\\\" (Não explica o impacto e o motivo técnico).\\r\\nExemplo 2 (Inexistente): O usuário simplesmente é bloqueado sem nenhuma mensagem explicativa.\",\"en\":\"Example 1 (Insufficient): \\\"Fields marked with * are required.\\\" (Lacks explanation of the consequences and technical reasons).\\r\\nExample 2 (Nonexistent): The application blocks the flow without any explanatory message.\"}'),(14,3,'{\"pt_BR\":\"Informações sobre o objetivo do uso do dado pessoal e como (qual processo) é feito com o dado pessoal.\",\"en\":\"Information about the purpose of using personal data and how (what process) it is done with the personal data.\"}',5,'2026-06-22 20:33:51','2026-06-22 20:33:51','{\"pt_BR\":\"Onde buscar: Na seção de processamento, tratamento ou segurança.\\r\\nComo julgar: Suficiente: Detalha o processo (ex: \\\"os dados de cartão são criptografados usando TLS e enviados ao gateway de pagamento X\\\"). Insuficiente: Diz que \\\"processa dados para pagamento\\\" de forma vaga. Inexistente: Sem menção ao processo técnico.\",\"en\":\"Where to find: In the processing, handling, or security sections.\\r\\nHow to evaluate: Sufficient: Details the process (e.g., \\\"card details are encrypted using TLS and securely sent to payment gateway X\\\"). Insufficient: States vaguely \\\"we process data to handle payment\\\". Nonexistent: No technical process detail.\"}','{\"pt_BR\":\"\\\"Sua senha passa por um processo de hash criptográfico antes do armazenamento no banco de dados, impossibilitando que funcionários ou terceiros leiam o texto original.\\\"\",\"en\":\"\\\"Your password goes through a cryptographic hashing process before database storage, ensuring that neither staff nor third parties can view the plain text password.\\\"\"}','{\"pt_BR\":\"Exemplo 1 (Insuficiente): \\\"Processamos sua senha de forma segura.\\\" (Muito superficial).\\r\\nExemplo 2 (Inexistente): Sem qualquer informação sobre como os dados são tecnicamente tratados.\",\"en\":\"Example 1 (Insufficient): \\\"We process your password securely.\\\" (Too superficial).\\r\\nExample 2 (Nonexistent): No details about how the data is handled technically.\"}'),(15,3,'{\"pt_BR\":\"Informações sobre a permissão concedida pelo indivíduo para o uso dos dados pessoais.\",\"en\":\"Information about the permission granted by the individual for the use of personal data.\"}',6,'2026-06-22 20:33:51','2026-06-22 20:33:51','{\"pt_BR\":\"Onde buscar: Central de Privacidade, histórico de consentimento ou painel de configurações.\\r\\nComo julgar: Suficiente: Exibe quando e como o consentimento foi dado e oferece opção fácil de revogar. Insuficiente: Diz que o consentimento foi aceito mas não mostra data, histórico ou botão de revogação. Inexistente: Sem histórico ou controle.\",\"en\":\"Where to find: Privacy Center, consent history, or settings panel.\\r\\nHow to evaluate: Sufficient: Shows when and how consent was given, providing an easy way to revoke it. Insufficient: States consent was accepted but shows no date, history, or revoke buttons. Nonexistent: No history or control features.\"}','{\"pt_BR\":\"\\\"Histórico de Permissões: Você autorizou a Geolocalização em 12/03/2026 às 14:35 via aplicativo móvel. [Botão: Revogar Permissão]\\\"\",\"en\":\"\\\"Consent History: You authorized Geolocation tracking on March 12, 2026, at 14:35 via our mobile app. [Button: Revoke Consent]\\\"\"}','{\"pt_BR\":\"Exemplo 1 (Insuficiente): \\\"Você aceitou nossos termos ao se cadastrar.\\\" (Sem data ou controle de revogação individual).\\r\\nExemplo 2 (Inexistente): Não exibe histórico ou controle de permissão.\",\"en\":\"Example 1 (Insufficient): \\\"You accepted our terms during signup.\\\" (No dates or individual settings to manage).\\r\\nExample 2 (Nonexistent): No consent history or options to revoke permission are available.\"}'),(16,4,'{\"pt_BR\":\"Informações de quais dados pessoais são transferidos ou compartilhados com terceiros.\",\"en\":\"Information about which personal data is transferred or shared with third parties.\"}',1,'2026-06-22 20:33:51','2026-06-22 20:33:51','{\"pt_BR\":\"Onde buscar: Na seção \\\"Compartilhamento com Terceiros\\\" da política.\\r\\nComo julgar: Suficiente: Identifica exatamente quais dados (ex: e-mail, telefone) são compartilhados. Insuficiente: Diz apenas que compartilha \\\"dados necessários para as transações\\\". Inexistente: Sem menção a compartilhamento.\",\"en\":\"Where to find: In the \\\"Third-Party Sharing\\\" section of the policy.\\r\\nHow to evaluate: Sufficient: Identifies exactly which data categories (e.g., email, phone) are shared. Insufficient: States vaguely that it shares \\\"data required to run transactions\\\". Nonexistent: No mention of sharing.\"}','{\"pt_BR\":\"\\\"Compartilhamos seu nome, CPF e endereço com empresas de entrega (transportadoras). Não compartilhamos seu histórico de compras.\\\"\",\"en\":\"\\\"We share your full name, tax ID, and shipping address with courier partners. We do not share your purchase history.\\\"\"}','{\"pt_BR\":\"Exemplo 1 (Insuficiente): \\\"Podemos compartilhar seus dados cadastrais com parceiros comerciais.\\\" (Não diz quais dados específicos).\\r\\nExemplo 2 (Inexistente): A política omite o fato de que compartilha dados.\",\"en\":\"Example 1 (Insufficient): \\\"We may share registration logs with commercial partners.\\\" (Does not specify the data items).\\r\\nExample 2 (Nonexistent): The policy hides or omits the fact that sharing takes place.\"}'),(17,4,'{\"pt_BR\":\"Informações sobre o motivo da transferência e/ou compartilhamento dos dados pessoais.\",\"en\":\"Information about the reason for the transfer and/or sharing of personal data.\"}',2,'2026-06-22 20:33:51','2026-06-22 20:33:51','{\"pt_BR\":\"Onde buscar: Na seção de compartilhamento.\\r\\nComo julgar: Suficiente: Detalha o motivo/necessidade (ex: \\\"para processar o pagamento com cartão\\\"). Insuficiente: Usa termos genéricos como \\\"para melhorar o serviço\\\". Inexistente: Sem motivos.\",\"en\":\"Where to find: In the sharing details section.\\r\\nHow to evaluate: Sufficient: Details the exact business reason/need (e.g., \\\"to process credit card payments\\\"). Insufficient: Uses generic phrases like \\\"to improve our integration\\\". Nonexistent: No reasons listed.\"}','{\"pt_BR\":\"\\\"Compartilhamos seu e-mail com a plataforma de e-mail marketing Sendgrid exclusivamente para gerenciar o disparo dos nossos informativos semanais.\\\"\",\"en\":\"\\\"We share your email address with Sendgrid strictly for managing the delivery of our weekly newsletters.\\\"\"}','{\"pt_BR\":\"Exemplo 1 (Insuficiente): \\\"Compartilhamos dados com terceiros para fins operacionais diversos.\\\" (Falta especificidade).\\r\\nExemplo 2 (Inexistente): Sem justificativas de compartilhamento.\",\"en\":\"Example 1 (Insufficient): \\\"We share data with third parties for miscellaneous operational purposes.\\\" (Lacks specificity).\\r\\nExample 2 (Nonexistent): No justification for sharing is provided.\"}'),(18,4,'{\"pt_BR\":\"Informações sobre a base legal (lei/regulamentação) que garante a legalidade do compartilhamento dos dados.\",\"en\":\"Information about the legal basis (law/regulation) that ensures the legality of data sharing.\"}',3,'2026-06-22 20:33:51','2026-06-22 20:33:51','{\"pt_BR\":\"Onde buscar: Na seção de compartilhamento ou bases legais.\\r\\nComo julgar: Suficiente: Cita a base legal específica (ex: cumprimento de obrigação legal) que autoriza o compartilhamento. Insuficiente: Cita apenas a conformidade da lei de forma genérica. Inexistente: Sem menção jurídica.\",\"en\":\"Where to find: In the sharing or legal bases section.\\r\\nHow to evaluate: Sufficient: Cites the specific lawful basis (e.g., legal obligation compliance) authorizing the transfer. Insufficient: States vaguely that sharing complies with applicable law. Nonexistent: No legal citations.\"}','{\"pt_BR\":\"\\\"O compartilhamento de dados com a Receita Federal é obrigatório com base no Cumprimento de Obrigação Legal (Art. 7º, II da LGPD).\\\"\",\"en\":\"\\\"Sharing data with tax authorities is required under Legal Obligation (Art. 6(1)(c) of GDPR) for tax compliance.\\\"\"}','{\"pt_BR\":\"Exemplo 1 (Insuficiente): \\\"O compartilhamento respeita as normas federais vigentes.\\\" (Não aponta a base específica).\\r\\nExemplo 2 (Inexistente): Sem justificativa jurídica.\",\"en\":\"Example 1 (Insufficient): \\\"Sharing is performed in accordance with federal acts.\\\" (Does not map specific legal bases).\\r\\nExample 2 (Nonexistent): No legal basis cited for data sharing.\"}'),(19,4,'{\"pt_BR\":\"Dados completos do destinatário dos dados pessoais, de forma que permita a identificação e o contato com o destinatário.\",\"en\":\"Complete data of the personal data recipient, allowing identification and contact with the recipient.\"}',4,'2026-06-22 20:33:51','2026-06-22 20:33:51','{\"pt_BR\":\"Onde buscar: Seção de parceiros, operadores ou destinatários de dados.\\r\\nComo julgar: Suficiente: Identifica a empresa destinatária com Razão Social, CNPJ ou site/contato oficial. Insuficiente: Cita categorias de destinatários de forma vaga (ex: \\\"empresas de nuvem e ferramentas de e-mail\\\"). Inexistente: Oculta quem são os destinatários.\",\"en\":\"Where to find: Partners, processors, or recipients section.\\r\\nHow to evaluate: Sufficient: Identifies the recipient corporate entity with Official Name, registration, and website or contact. Insufficient: Lists only vague categories (e.g., \\\"cloud hosts and analytical platforms\\\"). Nonexistent: Hides the identity of recipients.\"}','{\"pt_BR\":\"\\\"Os dados de entrega são compartilhados com: Transportadora Rápida S.A., CNPJ 11.111.111/0001-11, contato@transportadorarapida.com.br.\\\"\",\"en\":\"\\\"Shipping data is shared with: FastDelivery Logistics Inc., registration ID 99-8888, contact@fastdelivery.com.\\\"\"}','{\"pt_BR\":\"Exemplo 1 (Insuficiente): \\\"Compartilhamos dados com prestadores de serviço logístico terceirizados.\\\" (Não cita quem são).\\r\\nExemplo 2 (Inexistente): Sem listar nenhum parceiro ou destinatário.\",\"en\":\"Example 1 (Insufficient): \\\"We share data with third-party logistics service providers.\\\" (Does not name the providers).\\r\\nExample 2 (Nonexistent): No names of partners or recipients are listed.\"}'),(20,4,'{\"pt_BR\":\"Dados da organização que monitora o uso dos dados pessoais no país ou região do destinatário, de forma que permita a identificação e o contato com o órgão.\",\"en\":\"Data of the organization that monitors the use of personal data in the recipient\'s country or region, allowing identification and contact with the agency.\"}',5,'2026-06-22 20:33:51','2026-06-22 20:33:51','{\"pt_BR\":\"Onde buscar: Seção sobre transferências internacionais ou conformidade jurídica.\\r\\nComo julgar: Suficiente: Informa a autoridade reguladora do destinatário internacional (ex: CNIL na França, GDPR europeu) com contato. Insuficiente: Diz que o destinatário segue regras internacionais de privacidade sem citar o órgão fiscalizador. Inexistente: Sem menção.\",\"en\":\"Where to find: International transfers or legal compliance sections.\\r\\nHow to evaluate: Sufficient: Identifies the supervisory authority of the foreign recipient (e.g., CNIL in France, ICO in UK) with contact details. Insufficient: Mentions that the recipient follows international privacy frameworks without naming the supervisor. Nonexistent: No mention.\"}','{\"pt_BR\":\"\\\"Nossos servidores secundários ficam na Irlanda, cuja proteção é fiscalizada pela Data Protection Commission (DPC), acessível em dataprotection.ie.\\\"\",\"en\":\"\\\"Our cloud servers are hosted in Germany, monitored by the Federal Commissioner for Data Protection and Freedom of Information (BfDI), accessible at bfdi.bund.de.\\\"\"}','{\"pt_BR\":\"Exemplo 1 (Insuficiente): \\\"Transferimos dados para parceiros no exterior que cumprem os padrões internacionais.\\\" (Sem apontar o órgão local daquele país).\\r\\nExemplo 2 (Inexistente): Sem dados regulatórios internacionais.\",\"en\":\"Example 1 (Insufficient): \\\"We transfer data to overseas partners complying with global standards.\\\" (Without identifying the regulatory agency).\\r\\nExample 2 (Nonexistent): No international transfer regulatory information.\"}'),(21,4,'{\"pt_BR\":\"Relação de quais dados foram transferidos ou compartilhados e como foram obtidos.\",\"en\":\"List of which data was transferred or shared and how it was obtained.\"}',6,'2026-06-22 20:33:51','2026-06-22 20:33:51','{\"pt_BR\":\"Onde buscar: Na seção de compartilhamento.\\r\\nComo julgar: Suficiente: Relaciona de forma expressa quais dados são compartilhados e a forma como foram adquiridos (ex: \\\"compartilhamos o telefone coletado em nosso cadastro\\\"). Insuficiente: Cita que compartilha sem dizer como obteve o dado. Inexistente: Sem relação.\",\"en\":\"Where to find: In the sharing sections.\\r\\nHow to evaluate: Sufficient: Details which data categories are shared and how they were originally collected (e.g., \\\"we share the phone number collected during registration\\\"). Insufficient: Mentions sharing but does not clarify the data collection source. Nonexistent: No correlation.\"}','{\"pt_BR\":\"\\\"Compartilhamos com o parceiro de entrega o Nome e Endereço que você informou voluntariamente na finalização da compra.\\\"\",\"en\":\"\\\"We share with our delivery partner the Name and Address that you voluntarily filled out during checkout.\\\"\"}','{\"pt_BR\":\"Exemplo 1 (Insuficiente): \\\"Compartilhamos dados cadastrais com parceiros.\\\" (Não deixa claro como obteve os dados compartilhados).\\r\\nExemplo 2 (Inexistente): Sem histórico ou menção sobre a procedência do dado compartilhado.\",\"en\":\"Example 1 (Insufficient): \\\"We share registration records with partners.\\\" (Does not state how the shared data was obtained).\\r\\nExample 2 (Nonexistent): No history or description of the origin of shared data.\"}'),(22,4,'{\"pt_BR\":\"Informações para relembrar como você permitiu e/ou autorizou o compartilhamento dos dados pessoais.\",\"en\":\"Information to remind how you allowed and/or authorized the sharing of personal data.\"}',7,'2026-06-22 20:33:51','2026-06-22 20:33:51','{\"pt_BR\":\"Onde buscar: Painel de privacidade ou página de consentimento do usuário.\\r\\nComo julgar: Suficiente: Exibe uma visualização ou resumo de onde e quando o usuário deu a permissão (ex: \\\"consentimento via checkbox na tela X\\\"). Insuficiente: Informa que foi autorizado, mas sem detalhes contextuais ou visuais do consentimento original. Inexistente: Sem lembretes ou histórico.\",\"en\":\"Where to find: Privacy dashboard or user consent history pages.\\r\\nHow to evaluate: Sufficient: Displays a summary or mockup of where/when the user gave permission (e.g., \\\"consent given via checkbox on screen X\\\"). Insufficient: Tells you it was authorized but gives no contextual or visual details of the original consent event. Nonexistent: No consent history or reminders.\"}','{\"pt_BR\":\"\\\"Você autorizou o compartilhamento de cookies para anúncios na tela inicial da primeira navegação, clicando em \'Aceitar Todos\'. [Ver Histórico]\\\"\",\"en\":\"\\\"You authorized cookie sharing for ads on the home page during your first visit by clicking \'Accept All\'. [View History]\\\"\"}','{\"pt_BR\":\"Exemplo 1 (Insuficiente): \\\"Seu compartilhamento está ativo.\\\" (Não ajuda o usuário a lembrar de como ou quando autorizou).\\r\\nExemplo 2 (Inexistente): Sem qualquer painel ou lembrete de consentimento.\",\"en\":\"Example 1 (Insufficient): \\\"Your data sharing is active.\\\" (Does not help the user remember how or when they gave consent).\\r\\nExample 2 (Nonexistent): No dashboard or consent log available.\"}'),(23,4,'{\"pt_BR\":\"Informações sobre os eventos que causam a transferência/compartilhamento dos dados pessoais.\",\"en\":\"Information about the events that cause the transfer/sharing of personal data.\"}',8,'2026-06-22 20:33:51','2026-06-22 20:33:51','{\"pt_BR\":\"Onde buscar: Seções de termos de compartilhamento da política.\\r\\nComo julgar: Suficiente: Identifica o gatilho/evento gerador (ex: \\\"os dados são enviados ao parceiro assim que a compra é aprovada\\\"). Insuficiente: Diz que compartilha \\\"periodicamente\\\" ou de forma vaga. Inexistente: Não detalha os gatilhos.\",\"en\":\"Where to find: Sharing terms sections of the policy.\\r\\nHow to evaluate: Sufficient: Identifies the trigger/generating event (e.g., \\\"data is sent to the shipping partner as soon as payment is approved\\\"). Insufficient: Mentions sharing \\\"periodically\\\" or \\\"when needed\\\" without specific triggers. Nonexistent: No details.\"}','{\"pt_BR\":\"\\\"A transferência de dados cadastrais ocorre no momento em que você solicita a cotação de frete clicando no botão \'Calcular Frete\'.\\\"\",\"en\":\"\\\"Data transfer to our partner occurs when you request a shipping quote by clicking the \'Calculate Shipping\' button.\\\"\"}','{\"pt_BR\":\"Exemplo 1 (Insuficiente): \\\"Enviamos dados a parceiros operacionais no decorrer da execução do serviço.\\\" (Falta clareza do gatilho).\\r\\nExemplo 2 (Inexistente): Sem explicação de quando e por qual ação o dado é compartilhado.\",\"en\":\"Example 1 (Insufficient): \\\"We send logs to operational partners as part of running the service.\\\" (Unclear trigger).\\r\\nExample 2 (Nonexistent): No explanation of when or by what action data sharing is triggered.\"}'),(24,5,'{\"pt_BR\":\"Informações de como o indivíduo pode solicitar cópia de seus dados, alteração de permissão de uso dos dados, realizar uma reclamação ou exercer qualquer direito sobre os seus dados.\",\"en\":\"Information on how the individual can request a copy of their data, change data usage permission, file a complaint, or exercise any right over their data.\"}',1,'2026-06-22 20:33:51','2026-06-22 20:33:51','{\"pt_BR\":\"Onde buscar: Seção \\\"Seus Direitos\\\" da política ou central de ajuda.\\r\\nComo julgar: Suficiente: Fornece instruções claras e passo a passo (ex: e-mail direto do DPO ou menu do painel) para exercer os direitos (cópia, exclusão, correção). Insuficiente: Apenas lista os direitos legais sem explicar os meios práticos de requerimento. Inexistente: Sem instruções ou canais.\",\"en\":\"Where to find: In the \\\"Your Rights\\\" section of the policy or Help Center.\\r\\nHow to evaluate: Sufficient: Provides clear, step-by-step instructions (e.g., DPO email or dashboard menu) on how to exercise rights (access, deletion, correction). Insufficient: Lists the legal rights but does not explain how to actually request them. Nonexistent: No instructions or channels.\"}','{\"pt_BR\":\"\\\"Para solicitar uma cópia dos seus dados ou a exclusão da sua conta, envie um e-mail para dpo@empresa.com com o assunto \'Direitos LGPD\' ou preencha o formulário em nosso Painel de Privacidade.\\\"\",\"en\":\"\\\"To request a copy of your data or account deletion, email dpo@company.com with the subject \'GDPR Rights\' or use the request form in our Privacy Center.\\\"\"}','{\"pt_BR\":\"Exemplo 1 (Insuficiente): \\\"Você tem o direito de solicitar a portabilidade e exclusão dos seus dados nos termos da lei.\\\" (Não explica como fazer).\\r\\nExemplo 2 (Inexistente): Sem canais ou orientações para exercício de direitos.\",\"en\":\"Example 1 (Insufficient): \\\"You have the right to request portability and deletion of your data under the law.\\\" (Does not explain how).\\r\\nExample 2 (Nonexistent): No channels or guidelines to exercise user rights.\"}'),(25,5,'{\"pt_BR\":\"Informações sobre meios de contato, telefones, e-mails sobre os atores envolvidos no uso dos dados pessoais.\",\"en\":\"Information about contact means, phone numbers, and emails of the actors involved in the use of personal data.\"}',2,'2026-06-22 20:33:51','2026-06-22 20:33:51','{\"pt_BR\":\"Onde buscar: No cabeçalho, rodapé ou na seção de contato da política.\\r\\nComo julgar: Suficiente: Disponibiliza múltiplos canais de contato diretos e específicos para privacidade (e-mail, telefone e endereço do DPO). Insuficiente: Cita apenas um canal genérico de SAC sem tratamento especial de dados. Inexistente: Sem informações de contato.\",\"en\":\"Where to find: In the header, footer, or contact section of the policy.\\r\\nHow to evaluate: Sufficient: Provides multiple direct and specific channels for privacy matters (DPO email, phone, address). Insufficient: Lists only a generic customer service email. Nonexistent: No contact info.\"}','{\"pt_BR\":\"\\\"Dúvidas sobre privacidade? Fale com nosso DPO João Silva: Telefone (11) 3333-3333, E-mail dpo@empresa.com, Endereço Rua Central 10, São Paulo.\\\"\",\"en\":\"\\\"Questions about privacy? Contact our DPO John Smith: Phone +1 (555) 0199, Email dpo@company.com, Address 10 Main St, New York.\\\"\"}','{\"pt_BR\":\"Exemplo 1 (Insuficiente): \\\"Para qualquer dúvida, acesse nossa central geral de atendimento ao cliente.\\\" (Não direciona a privacidade).\\r\\nExemplo 2 (Inexistente): Sem contato disponibilizado.\",\"en\":\"Example 1 (Insufficient): \\\"For any inquiries, contact our general support center.\\\" (No specific privacy contact).\\r\\nExample 2 (Nonexistent): No contact information is provided at all.\"}'),(26,5,'{\"pt_BR\":\"Informações e/ou recursos para o indivíduo solicitar cópia de seus dados, alteração de permissão de uso dos dados, realizar uma reclamação ou exercer qualquer direito sobre os seus dados diretamente no software, sem a necessidade de entrar em contato.\",\"en\":\"Information and/or resources for the individual to request a copy of their data, change data usage permission, file a complaint, or exercise any right over their data directly in the software, without needing to make contact.\"}',3,'2026-06-22 20:33:51','2026-06-22 20:33:51','{\"pt_BR\":\"Onde buscar: Nas configurações da conta, painel de privacidade ou menu de perfil.\\r\\nComo julgar: Suficiente: Oferece ferramentas self-service integradas (ex: botão \\\"Download dos meus dados\\\" ou \\\"Excluir Conta\\\"). Insuficiente: Traz apenas instruções escritas de envio de e-mail sem funcionalidades diretas no sistema. Inexistente: Sem suporte no software.\",\"en\":\"Where to find: In account settings, privacy panel, or profile menu.\\r\\nHow to evaluate: Sufficient: Offers integrated self-service tools (e.g., \\\"Download my data\\\" or \\\"Delete Account\\\" buttons). Insufficient: Provides only written instructions to send an email, without direct system functionality. Nonexistent: No self-service support.\"}','{\"pt_BR\":\"Interface do usuário contendo botões como: \\\"[Baixar Relatório Completo de Dados (JSON/PDF)]\\\" e \\\"[Excluir meus dados e minha conta definitivamente]\\\".\",\"en\":\"User interface containing options like: \\\"[Download Complete Data Report (JSON/PDF)]\\\" and \\\"[Permanently Delete My Account and Data]\\\".\"}','{\"pt_BR\":\"Exemplo 1 (Insuficiente): \\\"Para obter seus dados, envie uma carta registrada à nossa sede.\\\" (Processo offline burocrático).\\r\\nExemplo 2 (Inexistente): Nenhuma ferramenta ou funcionalidade no sistema para gerenciar dados.\",\"en\":\"Example 1 (Insufficient): \\\"To access your data, mail a signed request to our office.\\\" (Bureaucratic offline process).\\r\\nExample 2 (Nonexistent): No features or tools in the system to manage your personal data.\"}'),(27,6,'{\"pt_BR\":\"Elementos de design (textos, figuras, fotos etc) utilizados para apresentar as informações dos atores.\",\"en\":\"Design elements (texts, figures, photos, etc.) used to present information about the actors.\"}',1,'2026-06-22 20:33:51','2026-06-22 20:33:51','{\"pt_BR\":\"Onde buscar: Na interface visual de identificação da empresa e DPO.\\r\\nComo julgar: Suficiente: Usa elements visuais (ícones, logos, tabelas organizadas) que destacam o papel de cada ator de forma imediata. Insuficiente: Apresentado em texto corrido e denso, sem marcadores ou diagramação visual. Inexistente: Sem layout de apresentação.\",\"en\":\"Where to find: In the visual interface displaying company and DPO information.\\r\\nHow to evaluate: Sufficient: Uses visual elements (icons, badges, styled tables) to instantly highlight roles. Insufficient: Presented in dense, unstructured plain text without visual formatting. Nonexistent: No presentation layout.\"}','{\"pt_BR\":\"Utilização de cartões visuais (cards) distintos para \\\"Controlador\\\", \\\"Encarregado (DPO)\\\" e \\\"Operador\\\", contendo ícones ilustrativos e tipografia limpa.\",\"en\":\"Using distinct visual cards for \\\"Controller\\\", \\\"DPO\\\" and \\\"Processor\\\" with illustrative icons and clean typography.\"}','{\"pt_BR\":\"Exemplo 1 (Insuficiente): Um bloco monolítico de texto em fonte muito pequena enterrado na base da página de termos de uso.\\r\\nExemplo 2 (Inexistente): Sem formatação ou ausência de dados cadastrais.\",\"en\":\"Example 1 (Insufficient): A monolithic block of text in small print buried at the very bottom of a terms and conditions page.\\r\\nExample 2 (Nonexistent): No formatting or complete lack of actor details.\"}'),(28,6,'{\"pt_BR\":\"Simplicidade, objetividade e relevância das informações de forma a auxiliar efetivamente na análise dos atores envolvidos no uso dos dados pessoais.\",\"en\":\"Simplicity, objectivity, and relevance of information to effectively assist in analyzing the actors involved in the use of personal data.\"}',2,'2026-06-22 20:33:51','2026-06-22 20:33:51','{\"pt_BR\":\"Onde buscar: Nos textos de descrição dos atores.\\r\\nComo julgar: Suficiente: As descrições são curtas, diretas ao ponto e explicam o papel de cada um de forma compreensível a leigos. Insuficiente: Linguagem excessivamente jurídica ou termos complexos sem explicação. Inexistente: Texto irrelevante ou confuso.\",\"en\":\"Where to find: In the text descriptions of the actors.\\r\\nHow to evaluate: Sufficient: Explanations are short, direct, and explain the roles in a layperson-friendly manner. Insufficient: Overly legalistic jargon or complex terminology without clarification. Nonexistent: Text is irrelevant or highly confusing.\"}','{\"pt_BR\":\"\\\"Controlador: A nossa empresa. Nós decidimos quais dados coletar para que você realize compras.\\\" (Curto, claro e objetivo).\",\"en\":\"\\\"Data Controller: Our company. We decide which data is collected so you can complete purchases.\\\" (Short, clear, and direct).\"}','{\"pt_BR\":\"Exemplo 1 (Insuficiente): \\\"O polo ativo detentor das atribuições de controladoria, conforme facultado pelas prerrogativas legais...\\\" (Excesso de jargão legal).\\r\\nExemplo 2 (Inexistente): Descrição ausente ou incompreensível.\",\"en\":\"Example 1 (Insufficient): \\\"The active subject executing controller competencies under administrative frameworks...\\\" (Extreme legal jargon).\\r\\nExample 2 (Nonexistent): Description missing or impossible to understand.\"}'),(29,6,'{\"pt_BR\":\"Facilidade de acesso das informações de forma a não exigir que o indivíduo realize buscas complexas ou análise/leia de grandes volumes de textos.\",\"en\":\"Ease of access to information so as not to require the individual to perform complex searches or analyze/read large volumes of text.\"}',3,'2026-06-22 20:33:51','2026-06-22 20:33:51','{\"pt_BR\":\"Onde buscar: Na estrutura de navegação do site/aplicativo.\\r\\nComo julgar: Suficiente: A informação está a no máximo 1 ou 2 cliques (ex: link \\\"Privacidade\\\" fixo no menu ou rodapé). Insuficiente: Exige navegar por várias páginas ou abrir documentos PDF externos. Inexistente: Dificultado ao extremo.\",\"en\":\"Where to find: In the navigation structure of the app/website.\\r\\nHow to evaluate: Sufficient: Info is accessible in 1 or 2 clicks max (e.g., sticky \\\"Privacy\\\" link in footer/header). Insufficient: Requires navigating through multiple menus or opening external PDF documents. Nonexistent: Blocked or hidden.\"}','{\"pt_BR\":\"Link direto no rodapé de todas as páginas intitulado \\\"Dados do DPO e Contato de Privacidade\\\", abrindo uma gaveta (drawer) ou janela pop-up rápida.\",\"en\":\"A direct link in the footer of all pages titled \\\"DPO Details & Privacy Contact\\\", opening a drawer or quick modal window.\"}','{\"pt_BR\":\"Exemplo 1 (Insuficiente): O usuário precisa abrir a página de Ajuda, procurar \\\"DPO\\\" e clicar em um link para baixar um manual em PDF.\\r\\nExemplo 2 (Inexistente): Dificultado de forma a desencorajar a leitura.\",\"en\":\"Example 1 (Insufficient): The user must open Help, search for \\\"DPO\\\", and click a download link to get a PDF manual.\\r\\nExample 2 (Nonexistent): Hidden deep within multi-layered settings menus.\"}'),(30,6,'{\"pt_BR\":\"As informações existentes descartam a necessidade do indivíduo buscar informações em outras fontes.\",\"en\":\"The existing information eliminates the need for the individual to search for information from other sources.\"}',4,'2026-06-22 20:33:51','2026-06-22 20:33:51','{\"pt_BR\":\"Onde buscar: Nas descrições de objetivos e links.\\r\\nComo julgar: Suficiente: A página contém todas as informações necessárias sem obrigar a consultar termos extras ou links de terceiros. Insuficiente: Cita parceiros mas deixa as explicações incompletas, exigindo pesquisa externa. Inexistente: Sem informações completas localmente.\",\"en\":\"Where to find: In descriptions of purposes and hyperlinks.\\r\\nHow to evaluate: Sufficient: The page contains complete explanations about how data is used without depending on external links to \\\"read more in our corporate portal\\\". Insufficient: Mentions purposes but redirects users to external/unrelated sites for explanations. Nonexistent: No details provided.\"}','{\"pt_BR\":\"Todos os detalhes sobre os atores, contatos de privacidade e canais de DPO estão unificados e explicados em uma única página legível.\",\"en\":\"All details about actors, privacy contacts, and DPO channels are unified and explained on a single readable page.\"}','{\"pt_BR\":\"Exemplo 1 (Insuficiente): \\\"Para saber as obrigações do nosso parceiro de nuvem, consulte os termos de serviço da AWS no site deles.\\\" (Exige consulta externa).\\r\\nExemplo 2 (Inexistente): Sem qualquer informação útil de atores locais.\",\"en\":\"Example 1 (Insufficient): \\\"To view our cloud partner\'s privacy regulations, please read the AWS policy on their site.\\\" (Requires external search).\\r\\nExample 2 (Nonexistent): Vague details requiring external research.\"}'),(31,7,'{\"pt_BR\":\"Elementos de design (textos, figuras, fotos etc) utilizados para apresentar as informações sobre o(s) propósito(s) de uso dos dados.\",\"en\":\"Design elements (texts, figures, photos, etc.) used to present information about the purpose(s) of data use.\"}',1,'2026-06-22 20:33:51','2026-06-22 20:33:51','{\"pt_BR\":\"Onde buscar: Na seção de finalidades do uso de dados.\\r\\nComo julgar: Suficiente: Usa infográficos, ícones representativos ou animações para explicar por que os dados são usados. Insuficiente: Listado apenas em texto comum em blocos longos sem formatação visual. Inexistente: Sem formatação.\",\"en\":\"Where to find: In the data usage purposes section.\\r\\nHow to evaluate: Sufficient: Uses infographics, representative icons, or interactive animations to explain why data is processed. Insufficient: Listed as standard plain text in long, unformatted blocks. Nonexistent: No formatting.\"}','{\"pt_BR\":\"Utilização de ícones para cada propósito (ex: um carrinho de compras para \\\"Processar Pedidos\\\", um escudo para \\\"Segurança e Prevenção a Fraudes\\\").\",\"en\":\"Using custom icons for each purpose (e.g., a shopping cart for \\\"Order Processing\\\", a shield for \\\"Security and Fraud Prevention\\\").\"}','{\"pt_BR\":\"Exemplo 1 (Insuficiente): Um parágrafo de 30 linhas explicando todos os objetivos sem nenhum marcador visual ou quebra de linha.\\r\\nExemplo 2 (Inexistente): Sem qualquer estrutura visual.\",\"en\":\"Example 1 (Insufficient): A 30-line paragraph explaining all purposes without a single bullet point, bold text, or line break.\\r\\nExample 2 (Nonexistent): Vague text blocks without any visual design.\"}'),(32,7,'{\"pt_BR\":\"Simplicidade, objetividade e relevância das informações, de forma a auxiliar efetivamente na análise do(s) propósito(s) de uso dos dados pessoais.\",\"en\":\"Simplicity, objectivity, and relevance of information to effectively assist in analyzing the purpose(s) of personal data use.\"}',2,'2026-06-22 20:33:51','2026-06-22 20:33:51','{\"pt_BR\":\"Onde buscar: Na descrição dos objetivos do tratamento.\\r\\nComo julgar: Suficiente: Sentenças curtas estruturadas seguindo a diretriz do TR-Model (ex: \\\"O objetivo de uso para seu dado pessoal é {descrição}\\\"). Insuficiente: Sentenças longas, ambíguas ou desnecessariamente técnicas. Inexistente: Sem clareza.\",\"en\":\"Where to find: In the description of processing objectives.\\r\\nHow to evaluate: Sufficient: Short structured sentences following TR-Model guidelines (e.g., \\\"The purpose of using your personal data is to {description}\\\"). Insufficient: Long, ambiguous, or excessively technical sentences. Nonexistent: Lacks clarity.\"}','{\"pt_BR\":\"\\\"O propósito de uso para seu dado de e-mail é enviar novidades e avisos da sua conta.\\\" (Direto e focado na necessidade do titular).\",\"en\":\"\\\"The purpose of using your email address is to send you product updates and account notifications.\\\" (Direct and focused on user need).\"}','{\"pt_BR\":\"Exemplo 1 (Insuficiente): \\\"Viabilizar a maximização do engajamento do cliente por meio de estratégias de outbound e comunicações eletrônicas.\\\" (Jargão corporativo complexo).\\r\\nExemplo 2 (Inexistente): Texto sem sentido ou ausente.\",\"en\":\"Example 1 (Insufficient): \\\"To maximize customer engagement leverage via custom outbound workflows and messaging structures.\\\" (Heavy business jargon).\\r\\nExample 2 (Nonexistent): Empty description or missing text.\"}'),(33,7,'{\"pt_BR\":\"Facilidade de acesso das informações de forma a não exigir que o indivíduo realize buscas complexas ou análise/leia grandes volumes de textos.\",\"en\":\"Ease of access to information so as not to require the individual to perform complex searches or analyze/read large volumes of text.\"}',3,'2026-06-22 20:33:51','2026-06-22 20:33:51','{\"pt_BR\":\"Onde buscar: Na navegação para visualização das finalidades.\\r\\nComo julgar: Suficiente: O painel de finalidades é visível no primeiro nível da política ou ao clicar em um menu sanfona (accordion) interativo. Insuficiente: Exige scroll infinito na página ou clicar em múltiplos termos de consentimento. Inexistente: Acesso dificultado.\",\"en\":\"Where to find: In the navigation structure to view data processing purposes.\\r\\nHow to evaluate: Sufficient: Purposes panel is visible at the first level of the policy or via interactive accordions. Insufficient: Requires endless scrolling or clicking through multiple pages. Nonexistent: Hidden or hard to access.\"}','{\"pt_BR\":\"Menu de abas (tabs) ou acordeão (accordion) intitulado \\\"Por que usamos seus dados?\\\", permitindo expandir cada finalidade para ver detalhes.\",\"en\":\"A tabbed interface or accordion titled \\\"Why we use your data?\\\", allowing users to expand each item to read specific details.\"}','{\"pt_BR\":\"Exemplo 1 (Insuficiente): Exigir que o usuário leia todos os termos de uso (mais de 15 páginas) para encontrar os propósitos.\\r\\nExemplo 2 (Inexistente): Dificultado de propósito para evitar leitura.\",\"en\":\"Example 1 (Insufficient): Requiring the user to scroll through a 15-page Terms of Service document to find processing purposes.\\r\\nExample 2 (Nonexistent): Hidden deep within multi-layered settings menus.\"}'),(34,7,'{\"pt_BR\":\"As informações existentes descartam a necessidade do usuário buscar informações em outras fontes.\",\"en\":\"The existing information eliminates the need for the user to search for information from other sources.\"}',4,'2026-06-22 20:33:51','2026-06-22 20:33:51','{\"pt_BR\":\"Onde buscar: Nas descrições de objetivos e links.\\r\\nComo julgar: Suficiente: A página contém explicações completas sobre o uso dos dados, sem depender de links externos para \\\"ler mais em nossa central corporativa X\\\". Insuficiente: Cita propósitos mas redireciona a outros links fora do contexto para explicação. Inexistente: Incompleto.\",\"en\":\"Where to find: In descriptions of purposes and hyperlinks.\\r\\nHow to evaluate: Sufficient: The page contains complete explanations about how data is used without depending on external links to \\\"read more in our corporate portal\\\". Insufficient: Mentions purposes but redirects users to external/unrelated sites for explanations. Nonexistent: No details provided.\"}','{\"pt_BR\":\"Apresentação detalhada com glossário integrado que explica termos técnicos de forma contextual sem tirar o usuário da tela.\",\"en\":\"Detailed descriptions with an embedded glossary explaining technical terms contextually without redirecting the user.\"}','{\"pt_BR\":\"Exemplo 1 (Insuficiente): \\\"Tratamos dados para fins legítimos. Para saber quais são esses fins, clique no link de políticas da nossa holding global [Link].\\\" (Redirecionamento complexo).\\r\\nExemplo 2 (Inexistente): Informações genéricas que obrigam pesquisa externa.\",\"en\":\"Example 1 (Insufficient): \\\"We process data for legitimate purposes. To find out what these are, visit our holding company\'s global policies [Link].\\\"\\r\\nExample 2 (Nonexistent): Vague statements that require external research.\"}'),(35,8,'{\"pt_BR\":\"Elementos de design (textos, figuras, fotos etc) utilizados para apresentar as informações sobre os dados pessoais manipulados.\",\"en\":\"Design elements (texts, figures, photos, etc.) used to present information about the personal data handled.\"}',1,'2026-06-22 20:33:51','2026-06-22 20:33:51','{\"pt_BR\":\"Onde buscar: Na seção de dados pessoais tratados.\\r\\nComo julgar: Suficiente: Usa elementos gráficos ou tabelas estilizadas para categorizar os dados tratados (ex: ícone de cartão para dados financeiros). Insuficiente: Texto corrido sem destaque tipográfico ou estrutura visual. Inexistente: Sem formatação.\",\"en\":\"Where to find: In the personal data handled section.\\r\\nHow to evaluate: Sufficient: Uses graphical elements or styled tables to categorize personal data items (e.g., credit card icon for financial data). Insufficient: Unstructured plain text without typographical highlights. Nonexistent: No formatting.\"}','{\"pt_BR\":\"Tabela com colunas coloridas separando \\\"Tipo de Dado\\\", \\\"Exemplos\\\" e \\\"Sensibilidade\\\", usando ícones ilustrativos para cada tipo.\",\"en\":\"A structured table with color-coded columns separating \\\"Data Type\\\", \\\"Examples\\\" and \\\"Sensitivity\\\", with icons for each category.\"}','{\"pt_BR\":\"Exemplo 1 (Insuficiente): Uma lista gigante de dados separados por vírgula em um único parágrafo denso.\\r\\nExemplo 2 (Inexistente): Sem qualquer cuidado de design visual.\",\"en\":\"Example 1 (Insufficient): A giant list of data items separated by commas in a single, dense text paragraph.\\r\\nExample 2 (Nonexistent): Plain text block with no styling.\"}'),(36,8,'{\"pt_BR\":\"Simplicidade, objetividade e relevância das informações de forma a auxiliar efetivamente na análise do propósito de uso os dados pessoais.\",\"en\":\"Simplicity, objectivity, and relevance of information to effectively assist in analyzing the purpose of personal data use.\"}',2,'2026-06-22 20:33:51','2026-06-22 20:33:51','{\"pt_BR\":\"Onde buscar: Nas descrições e nomes dos dados coletados.\\r\\nComo julgar: Suficiente: Os nomes dos dados são compreensíveis a leigos (ex: \\\"Histórico de compras\\\" em vez de \\\"logs_de_transacoes_internas_v1\\\"). Insuficiente: Usa nomenclaturas de banco de dados ou termos técnicos de T.I. sem explicação. Inexistente: Nomes confusos.\",\"en\":\"Where to find: In the descriptions and names of collected data.\\r\\nHow to evaluate: Sufficient: Names of data categories are easy for a layperson to understand (e.g., \\\"Purchase history\\\" instead of \\\"internal_tx_logs_v1\\\"). Insufficient: Uses database column names or T.I. technical jargon without explanation. Nonexistent: Highly confusing terms.\"}','{\"pt_BR\":\"\\\"Dados de Navegação: As páginas que você visitou em nossa loja e os produtos que clicou.\\\"\",\"en\":\"\\\"Browsing Data: The specific pages you visited in our shop and the products you clicked on.\\\"\"}','{\"pt_BR\":\"Exemplo 1 (Insuficiente): \\\"Coletamos UUID, UserAgent, Fingerprint de Canvas e cookies de sessão.\\\" (Muito técnico para leigos).\\r\\nExemplo 2 (Inexistente): Descrições ausentes ou sem lógica.\",\"en\":\"Example 1 (Insufficient): \\\"We collect UUID, UserAgent, Canvas Fingerprint, and session cookies.\\\" (Too technical for average users).\\r\\nExample 2 (Nonexistent): Descriptions missing or nonsensical.\"}'),(37,8,'{\"pt_BR\":\"Facilidade de acesso das informações de forma a não exigir que o indivíduo realize buscas complexas ou análise/leia grandes volumes de textos.\",\"en\":\"Ease of access to information so as not to require the individual to perform complex searches or analyze/read large volumes of text.\"}',3,'2026-06-22 20:33:51','2026-06-22 20:33:51','{\"pt_BR\":\"Onde buscar: Na facilidade de achar quais dados são tratados.\\r\\nComo julgar: Suficiente: A lista de dados pessoais está destacada na página inicial da política ou em uma seção fixa fácil de achar. Insuficiente: É preciso abrir vários submenus ou links externos para ler a lista. Inexistente: Difícil de encontrar.\",\"en\":\"Where to find: In the ease of locating which data is processed.\\r\\nHow to evaluate: Sufficient: Personal data list is highlighted on the main policy page or in a prominent sticky section. Insufficient: Requires opening multiple submenus or external links to read the list. Nonexistent: Hidden.\"}','{\"pt_BR\":\"Acesso por meio de um botão flutuante ou link direto no menu superior: \\\"Quais dados coletamos?\\\".\",\"en\":\"Access via a floating button or a direct link in the top menu: \\\"What data do we collect?\\\".\"}','{\"pt_BR\":\"Exemplo 1 (Insuficiente): A lista de dados coletados está misturada na seção \\\"Disposições Gerais\\\" no meio da política.\\r\\nExemplo 2 (Inexistente): Dificultado para evitar que o usuário saiba quais dados são armazenados.\",\"en\":\"Example 1 (Insufficient): The list of collected data is mixed into a \\\"Miscellaneous\\\" section in the middle of the policy.\\r\\nExample 2 (Nonexistent): Hidden so deep that searching for it yields no results.\"}'),(38,8,'{\"pt_BR\":\"As informações existentes descartam a necessidade do usuário buscar informações em outras fontes.\",\"en\":\"The existing information eliminates the need for the user to search for information from other sources.\"}',4,'2026-06-22 20:33:51','2026-06-22 20:33:51','{\"pt_BR\":\"Onde buscar: Na completude das explicações sobre os dados.\\r\\nComo julgar: Suficiente: Explica todas as categorias de dados diretamente na página sem mandar o usuário pesquisar o que significa em outros sites. Insuficiente: Cita dados vagamente (ex: \\\"dados de sensores\\\") e manda o usuário ler manuais externos para entender. Inexistente: Incompleto.\",\"en\":\"Where to find: In the completeness of the data explanations.\\r\\nHow to evaluate: Sufficient: Explains all data categories directly on the page without forcing users to search for definitions on other sites. Insufficient: Mentions data vaguely (e.g., \\\"sensor data\\\") and redirects users to external manuals to understand. Nonexistent: No details provided.\"}','{\"pt_BR\":\"Apresentação com tooltips internos explicativos (popovers) ao passar o mouse sobre cada categoria de dado.\",\"en\":\"Presenting explanatory popovers (tooltips) when hovering over each data category.\"}','{\"pt_BR\":\"Exemplo 1 (Insuficiente): \\\"Coletamos telemetria do dispositivo. Consulte o manual técnico do Android para saber quais dados a telemetria envia.\\\" (Pesquisa externa).\\r\\nExemplo 2 (Inexistente): Sem qualquer detalhamento local.\",\"en\":\"Example 1 (Insufficient): \\\"We collect device telemetry. Please check the Android developer manual to see what data telemetry includes.\\\"\\r\\nExample 2 (Nonexistent): Generic terms without explanation.\"}'),(39,9,'{\"pt_BR\":\"Elementos de design (textos, figuras, fotos etc) utilizados para apresentar as informações sobre a transferência/compartilhamento dos dados.\",\"en\":\"Design elements (texts, figures, photos, etc.) used to present information about data transfer/sharing.\"}',1,'2026-06-22 20:33:51','2026-06-22 20:33:51','{\"pt_BR\":\"Onde buscar: Na seção de compartilhamento.\\r\\nComo julgar: Suficiente: Usa elementos gráficos como mapas, diagramas de fluxo de dados ou ícones de conexão para ilustrar o fluxo de dados. Insuficiente: Apenas texto denso sem diagramação. Inexistente: Sem formatação.\",\"en\":\"Where to find: In the sharing/transfer section.\\r\\nHow to evaluate: Sufficient: Uses graphical elements like maps, data flow diagrams, or connection icons to illustrate the data flow. Insufficient: Only dense text without layout. Nonexistent: No formatting.\"}','{\"pt_BR\":\"Diagrama de fluxo visual que mostra o dado saindo da aplicação, passando pelo servidor e chegando a parceiros específicos (ex: gateways de pagamento).\",\"en\":\"A visual data flow diagram displaying data moving from the app, through servers, to specific partners (e.g., payment gateways).\"}','{\"pt_BR\":\"Exemplo 1 (Insuficiente): Uma lista monolítica e confusa de parceiros sem nenhuma separação visual ou ícones.\\r\\nExemplo 2 (Inexistente): Sem layout ou ausente.\",\"en\":\"Example 1 (Insufficient): A monolithic and confusing list of partners with no visual separations or icons.\\r\\nExample 2 (Nonexistent): Plain text block with no formatting.\"}'),(40,9,'{\"pt_BR\":\"Simplicidade, objetividade e relevância das informações de forma a auxiliar efetivamente na análise da transferência/compartilhamento dos dados.\",\"en\":\"Simplicity, objectivity, and relevance of information to effectively assist in analyzing data transfer/sharing.\"}',2,'2026-06-22 20:33:51','2026-06-22 20:33:51','{\"pt_BR\":\"Onde buscar: Na descrição das transferências.\\r\\nComo julgar: Suficiente: Sentenças diretas e justificativas claras de por que e com quem compartilha, focadas no usuário. Insuficiente: Sentenças prolixas ou jargões comerciais/legais confusos. Inexistente: Sem clareza.\",\"en\":\"Where to find: In the description of data transfers.\\r\\nHow to evaluate: Sufficient: Direct sentences and clear justifications of why and with whom data is shared. Insufficient: Verbose sentences or confusing commercial/legal jargon. Nonexistent: Lacks clarity.\"}','{\"pt_BR\":\"\\\"Compartilhamos seu e-mail com a Sendgrid para que possamos enviar alertas rápidos da sua conta.\\\" (Curto e transparente).\",\"en\":\"\\\"We share your email address with Sendgrid so we can deliver urgent security alerts to you.\\\" (Short and transparent).\"}','{\"pt_BR\":\"Exemplo 1 (Insuficiente): \\\"Visando otimizar a sinergia operacional com ecossistemas de provedores integrados terceirizados...\\\" (Complexidade excessiva).\\r\\nExemplo 2 (Inexistente): Descrições vagas ou sem lógica.\",\"en\":\"Example 1 (Insufficient): \\\"To optimize operational synergy with outsourced integrated provider ecosystems...\\\" (Overly complex).\\r\\nExample 2 (Nonexistent): Empty description or missing text.\"}'),(41,9,'{\"pt_BR\":\"Facilidade de acesso das informações de forma a não exigir que o indivíduo realize buscas complexas ou análise/leia grandes volumes de textos.\",\"en\":\"Ease of access to information so as not to require the individual to perform complex searches or analyze/read large volumes of text.\"}',3,'2026-06-22 20:33:51','2026-06-22 20:33:51','{\"pt_BR\":\"Onde buscar: Na navegação da seção de compartilhamento.\\r\\nComo julgar: Suficiente: Acesso rápido na central de privacidade ou aba dedicada a \\\"Compartilhamento\\\". Insuficiente: Oculto atrás de múltiplos links ou misturado no meio do contrato geral. Inexistente: Difícil de achar.\",\"en\":\"Where to find: In the navigation structure of the sharing section.\\r\\nHow to evaluate: Sufficient: Quick access in the privacy center or a dedicated tab labeled \\\"Sharing\\\". Insufficient: Hidden behind multiple links or mixed within general terms. Nonexistent: Hard to find.\"}','{\"pt_BR\":\"Aba específica \\\"Com quem compartilhamos\\\" no menu principal de configurações de privacidade.\",\"en\":\"A specific tab titled \\\"Who we share data with\\\" in the main privacy settings menu.\"}','{\"pt_BR\":\"Exemplo 1 (Insuficiente): É preciso rolar até a página 12 do contrato geral de termos e condições para achar os dados de compartilhamento.\\r\\nExemplo 2 (Inexistente): Ocultado de forma deliberada.\",\"en\":\"Example 1 (Insufficient): The user must scroll to page 12 of the Terms of Service to find sharing details.\\r\\nExample 2 (Nonexistent): No search results or section available.\"}'),(42,9,'{\"pt_BR\":\"As informações existentes descartam a necessidade do usuário buscar informações em outras fontes.\",\"en\":\"The existing information eliminates the need for the user to search for information from other sources.\"}',4,'2026-06-22 20:33:51','2026-06-22 20:33:51','{\"pt_BR\":\"Onde buscar: Na completude das descrições dos parceiros.\\r\\nComo julgar: Suficiente: Traz todas as informações de identificação do destinatário na própria página, sem mandar o usuário pesquisar em sites externos sobre o parceiro. Insuficiente: Cita apenas a marca fantasia e exige que o usuário busque no Google quem é a empresa real. Inexistente: Incompleto.\",\"en\":\"Where to find: In the completeness of partner descriptions.\\r\\nHow to evaluate: Sufficient: Provides all identification details of the recipient on the page, without sending users to external sites to research. Insufficient: Cites only brand names, forcing users to search online to find the real company. Nonexistent: No details provided.\"}','{\"pt_BR\":\"Fornecer a Razão Social, CNPJ, site e país sede de todos os destinatários em um único painel local.\",\"en\":\"Providing the Legal Name, tax ID, website, and headquarters country of all recipients in a single local panel.\"}','{\"pt_BR\":\"Exemplo 1 (Insuficiente): \\\"Compartilhamos dados com a empresa X. Mais informações sobre ela podem ser obtidas em seu site institucional.\\\" (Sem detalhes locais).\\r\\nExemplo 2 (Inexistente): Sem qualquer informação complementar sobre os terceiros.\",\"en\":\"Example 1 (Insufficient): \\\"We share data with Company X. More information about them can be found on their corporate website.\\\"\\r\\nExample 2 (Nonexistent): Only names are listed without context.\"}'),(43,10,'{\"pt_BR\":\"Elementos de design (textos, figuras, fotos etc) utilizados para apresentar as informações sobre agências de controle e ações para questionar ou verificar o uso dos dados.\",\"en\":\"Design elements (texts, figures, photos, etc.) used to present information about control agencies and actions to question or verify data use.\"}',1,'2026-06-22 20:33:51','2026-06-22 20:33:51','{\"pt_BR\":\"Onde buscar: Na seção de direitos ou reclamações.\\r\\nComo julgar: Suficiente: Usa botões de ação bem visíveis, ícones intuitivos ou tutoriais visuais (passo a passo) para guiar o exercício de direitos. Insuficiente: Apenas links de texto azul sublinhados sem formatação visual clara. Inexistente: Sem elementos visuais.\",\"en\":\"Where to find: In the rights or complaints section.\\r\\nHow to evaluate: Sufficient: Uses prominent action buttons, intuitive icons, or step-by-step visual tutorials to guide rights execution. Insufficient: Simple underlined blue text links without visual structure. Nonexistent: No visual elements.\"}','{\"pt_BR\":\"Utilização de botões coloridos de grande destaque (ex: \\\"[Solicitar Cópia dos Dados]\\\" ou \\\"[Excluir minha conta]\\\") com ícones de ajuda.\",\"en\":\"Using prominent colored action buttons (e.g., \\\"[Request Data Copy]\\\" or \\\"[Delete Account]\\\") accompanied by help icons.\"}','{\"pt_BR\":\"Exemplo 1 (Insuficiente): Links de e-mail inseridos de forma indistinta em parágrafos normais.\\r\\nExemplo 2 (Inexistente): Sem elementos ou botões para ação.\",\"en\":\"Example 1 (Insufficient): Email links blended indistinguishably inside normal text paragraphs.\\r\\nExample 2 (Nonexistent): No layout or button interface.\"}'),(44,10,'{\"pt_BR\":\"Simplicidade, objetividade e relevância das informações de forma a auxiliar efetivamente na análise das agências de controle e ações para questionar ou verificar o uso dos dados.\",\"en\":\"Simplicity, objectivity, and relevance of information to effectively assist in analyzing control agencies and actions to question or verify data use.\"}',2,'2026-06-22 20:33:51','2026-06-22 20:33:51','{\"pt_BR\":\"Onde buscar: Nas instruções de solicitação de direitos.\\r\\nComo julgar: Suficiente: Sentenças curtas e passo a passo claro sobre como proceder. Insuficiente: Explicação excessivamente complexa ou cheia de pré-requisitos burocráticos. Inexistente: Sem instruções claras.\",\"en\":\"Where to find: In rights request instructions.\\r\\nHow to evaluate: Sufficient: Short sentences and clear step-by-step on how to proceed. Insufficient: Overly complex explanation full of bureaucratic prerequisites. Nonexistent: No clear instructions.\"}','{\"pt_BR\":\"\\\"Passo 1: Clique em \'Solicitar dados\'; Passo 2: Confirme sua identidade via token de e-mail; Passo 3: Seu relatório estará disponível em 24h.\\\"\",\"en\":\"\\\"Step 1: Click \'Request data\'; Step 2: Verify your identity via email token; Step 3: Your data report will be available in 24 hours.\\\"\"}','{\"pt_BR\":\"Exemplo 1 (Insuficiente): \\\"A petição de retificação deverá ser instruída com documentos notarizados e encaminhada em horário comercial ao conselho fiscal...\\\" (Burocracia excessiva).\\r\\nExemplo 2 (Inexistente): Sem passo a passo ou instruções.\",\"en\":\"Example 1 (Insufficient): \\\"The rectification petition must be filed with notarized documents and sent during business hours to our audit council...\\\" (Excessive bureaucracy).\\r\\nExample 2 (Nonexistent): No guidelines whatsoever.\"}'),(45,10,'{\"pt_BR\":\"Facilidade de acesso das informações de forma a não exigir que o indivíduo realize buscas complexas ou análise/leia grandes volumes de textos.\",\"en\":\"Ease of access to information so as not to require the individual to perform complex searches or analyze/read large volumes of text.\"}',3,'2026-06-22 20:33:51','2026-06-22 20:33:51','{\"pt_BR\":\"Onde buscar: Na facilidade de encontrar o canal de exercício de direitos.\\r\\nComo julgar: Suficiente: Acesso direto pelas configurações de perfil de usuário ou link em destaque na home. Insuficiente: Requer navegar por várias páginas de FAQ para encontrar o canal de solicitação. Inexistente: Canal ocultado.\",\"en\":\"Where to find: In the accessibility of the rights execution channel.\\r\\nHow to evaluate: Sufficient: Direct access through user profile settings or highlighted homepage link. Insufficient: Requires navigating through multiple FAQ pages to find the link. Nonexistent: Hidden channel.\"}','{\"pt_BR\":\"Um menu fixo de \\\"Privacidade e LGPD\\\" diretamente nas configurações da conta do usuário.\",\"en\":\"A dedicated \\\"Privacy Settings\\\" menu located directly within the user account settings panel.\"}','{\"pt_BR\":\"Exemplo 1 (Insuficiente): O link de exclusão de dados fica oculto na última página de políticas legais secundárias.\\r\\nExemplo 2 (Inexistente): Ausência de canais integrados.\",\"en\":\"Example 1 (Insufficient): The link to delete data is buried on the last page of secondary legal policy documents.\\r\\nExample 2 (Nonexistent): No direct links or channels available.\"}'),(46,10,'{\"pt_BR\":\"As informações existentes descartam a necessidade do usuário buscar informações em outras fontes.\",\"en\":\"The existing information eliminates the need for the user to search for information from other sources.\"}',4,'2026-06-22 20:33:51','2026-06-22 20:33:51','{\"pt_BR\":\"Onde buscar: Na completude do suporte local da aplicação para direitos.\\r\\nComo julgar: Suficiente: Todo o processo é resolvido localmente na aplicação (ex: formulário na tela). Insuficiente: A aplicação apenas aponta links para outros sites de suporte externos para iniciar o processo. Inexistente: Sem suporte local.\",\"en\":\"Where to find: In the completeness of local app support for user rights.\\r\\nHow to evaluate: Sufficient: The entire request process is handled locally within the app (e.g., embedded form). Insufficient: The app merely displays links to external support portals to start the process. Nonexistent: No local support.\"}','{\"pt_BR\":\"Formulário nativo integrado na tela para envio de solicitação direta de direitos sem sair do aplicativo.\",\"en\":\"Native form embedded on screen to submit a direct rights request without leaving the app.\"}','{\"pt_BR\":\"Exemplo 1 (Insuficiente): \\\"Para exercer seus direitos, abra um chamado em nosso sistema externo de chamados JIRA [Link].\\\" (Redirecionamento externo).\\r\\nExemplo 2 (Inexistente): Sem formulários ou suporte nativo.\",\"en\":\"Example 1 (Insufficient): \\\"To exercise your rights, please open a ticket on our external JIRA service desk [Link].\\\"\\r\\nExample 2 (Nonexistent): No local request forms or options.\"}');
/*!40000 ALTER TABLE `questions` ENABLE KEYS */;
UNLOCK TABLES;

--
-- Table structure for table `responses`
--

DROP TABLE IF EXISTS `responses`;
/*!40101 SET @saved_cs_client     = @@character_set_client */;
/*!40101 SET character_set_client = utf8 */;
CREATE TABLE `responses` (
  `id` bigint(20) unsigned NOT NULL AUTO_INCREMENT,
  `inspection_id` bigint(20) unsigned NOT NULL,
  `question_id` bigint(20) unsigned NOT NULL,
  `user_id` bigint(20) unsigned NOT NULL,
  `answer` varchar(255) NOT NULL,
  `observation` text DEFAULT NULL,
  `created_at` timestamp NULL DEFAULT NULL,
  `updated_at` timestamp NULL DEFAULT NULL,
  PRIMARY KEY (`id`),
  UNIQUE KEY `responses_inspection_id_question_id_user_id_unique` (`inspection_id`,`question_id`,`user_id`),
  KEY `responses_question_id_foreign` (`question_id`),
  KEY `responses_user_id_foreign` (`user_id`),
  CONSTRAINT `responses_inspection_id_foreign` FOREIGN KEY (`inspection_id`) REFERENCES `inspections` (`id`) ON DELETE CASCADE,
  CONSTRAINT `responses_question_id_foreign` FOREIGN KEY (`question_id`) REFERENCES `questions` (`id`) ON DELETE CASCADE,
  CONSTRAINT `responses_user_id_foreign` FOREIGN KEY (`user_id`) REFERENCES `users` (`id`) ON DELETE CASCADE
) ENGINE=InnoDB AUTO_INCREMENT=139 DEFAULT CHARSET=utf8mb4 COLLATE=utf8mb4_unicode_ci;
/*!40101 SET character_set_client = @saved_cs_client */;

--
-- Dumping data for table `responses`
--

LOCK TABLES `responses` WRITE;
/*!40000 ALTER TABLE `responses` DISABLE KEYS */;
INSERT INTO `responses` VALUES (1,2,1,4,'high','Lorem ipsum dolor sit amet, consectetur adipiscing elit. Sed ut metus semper, suscipit magna ac, tempus sem. Mauris a semper ante. Vivamus volutpat, purus ac faucibus faucibus, ligula metus hendrerit nibh, nec dictum justo nisi sit amet libero. Etiam mauris quam, interdum maximus quam vel, iaculis porttitor elit. In semper diam quis lorem condimentum, vitae ultrices diam fringilla. In at ex sit amet massa suscipit varius. Aenean finibus nisi lectus, ut sollicitudin est interdum ut. Cras molestie nunc metus, vitae accumsan magna placerat id. Morbi porttitor diam at eros pulvinar porta. Ut accumsan vitae est a hendrerit. Maecenas pellentesque, neque eget tristique hendrerit, leo ipsum scelerisque nisl, sit amet mattis ex massa consectetur metus. Duis ultrices laoreet dapibus.','2026-07-04 14:33:40','2026-07-04 14:33:40'),(2,2,2,4,'high','Lorem ipsum dolor sit amet, consectetur adipiscing elit. Sed ut metus semper, suscipit magna ac, tempus sem. Mauris a semper ante. Vivamus volutpat, purus ac faucibus faucibus, ligula metus hendrerit nibh, nec dictum justo nisi sit amet libero. Etiam mauris quam, interdum maximus quam vel, iaculis porttitor elit. In semper diam quis lorem condimentum, vitae ultrices diam fringilla. In at ex sit amet massa suscipit varius. Aenean finibus nisi lectus, ut sollicitudin est interdum ut. Cras molestie nunc metus, vitae accumsan magna placerat id. Morbi porttitor diam at eros pulvinar porta. Ut accumsan vitae est a hendrerit. Maecenas pellentesque, neque eget tristique hendrerit, leo ipsum scelerisque nisl, sit amet mattis ex massa consectetur metus. Duis ultrices laoreet dapibus.','2026-07-04 14:33:57','2026-07-04 14:33:57'),(3,2,3,4,'high','Lorem ipsum dolor sit amet, consectetur adipiscing elit. Sed ut metus semper, suscipit magna ac, tempus sem. Mauris a semper ante. Vivamus volutpat, purus ac faucibus faucibus, ligula metus hendrerit nibh, nec dictum justo nisi sit amet libero. Etiam mauris quam, interdum maximus quam vel, iaculis porttitor elit. In semper diam quis lorem condimentum, vitae ultrices diam fringilla. In at ex sit amet massa suscipit varius. Aenean finibus nisi lectus, ut sollicitudin est interdum ut. Cras molestie nunc metus, vitae accumsan magna placerat id. Morbi porttitor diam at eros pulvinar porta. Ut accumsan vitae est a hendrerit. Maecenas pellentesque, neque eget tristique hendrerit, leo ipsum scelerisque nisl, sit amet mattis ex massa consectetur metus. Duis ultrices laoreet dapibus.','2026-07-04 14:34:09','2026-07-04 14:34:09'),(4,2,4,4,'medium',NULL,'2026-07-04 14:34:20','2026-07-04 14:34:20'),(5,2,5,4,'medium',NULL,'2026-07-04 14:34:21','2026-07-04 14:34:21'),(6,2,6,4,'medium',NULL,'2026-07-04 14:34:22','2026-07-04 14:34:22'),(7,2,7,4,'medium',NULL,'2026-07-04 14:34:24','2026-07-04 14:34:24'),(8,2,8,4,'medium',NULL,'2026-07-04 14:34:25','2026-07-04 14:34:25'),(9,2,9,4,'low',NULL,'2026-07-04 14:34:26','2026-07-04 14:34:26'),(10,2,10,4,'medium',NULL,'2026-07-04 14:34:29','2026-07-04 14:34:57'),(11,2,11,4,'medium',NULL,'2026-07-04 14:34:58','2026-07-04 14:34:58'),(12,2,12,4,'medium',NULL,'2026-07-04 14:34:59','2026-07-04 14:34:59'),(13,2,13,4,'medium',NULL,'2026-07-04 14:35:00','2026-07-04 14:35:00'),(14,2,14,4,'medium',NULL,'2026-07-04 14:35:01','2026-07-04 14:35:01'),(15,2,15,4,'medium',NULL,'2026-07-04 14:35:02','2026-07-04 14:35:02'),(16,2,16,4,'medium',NULL,'2026-07-04 14:35:04','2026-07-04 14:35:04'),(17,2,17,4,'medium',NULL,'2026-07-04 14:35:05','2026-07-04 14:35:05'),(18,2,18,4,'medium',NULL,'2026-07-04 14:35:06','2026-07-04 14:35:06'),(19,2,19,4,'medium',NULL,'2026-07-04 14:35:06','2026-07-04 14:35:06'),(20,2,20,4,'medium',NULL,'2026-07-04 14:35:07','2026-07-04 14:35:07'),(21,2,21,4,'medium',NULL,'2026-07-04 14:35:08','2026-07-04 14:35:08'),(22,2,22,4,'medium',NULL,'2026-07-04 14:35:09','2026-07-04 14:35:09'),(23,2,23,4,'medium',NULL,'2026-07-04 14:35:09','2026-07-04 14:35:09'),(24,2,26,4,'medium',NULL,'2026-07-04 14:35:12','2026-07-04 14:35:12'),(25,2,25,4,'medium',NULL,'2026-07-04 14:35:12','2026-07-04 14:35:12'),(26,2,24,4,'medium',NULL,'2026-07-04 14:35:13','2026-07-04 14:35:13'),(27,2,27,4,'medium',NULL,'2026-07-04 14:35:17','2026-07-04 14:35:17'),(28,2,28,4,'medium',NULL,'2026-07-04 14:35:17','2026-07-04 14:35:17'),(29,2,29,4,'medium',NULL,'2026-07-04 14:35:18','2026-07-04 14:35:18'),(30,2,30,4,'medium',NULL,'2026-07-04 14:35:19','2026-07-04 14:35:19'),(31,2,31,4,'high','f','2026-07-04 14:35:24','2026-07-04 14:35:24'),(32,2,32,4,'high','d','2026-07-04 14:35:28','2026-07-04 14:35:28'),(33,2,33,4,'high','e','2026-07-04 14:35:30','2026-07-04 14:35:30'),(34,2,34,4,'high','e','2026-07-04 14:35:33','2026-07-04 14:35:33'),(35,2,36,4,'medium',NULL,'2026-07-04 14:35:35','2026-07-04 14:35:35'),(36,2,35,4,'medium',NULL,'2026-07-04 14:35:36','2026-07-04 14:35:36'),(37,2,37,4,'medium',NULL,'2026-07-04 14:35:36','2026-07-04 14:35:36'),(38,2,38,4,'medium',NULL,'2026-07-04 14:35:37','2026-07-04 14:35:37'),(39,2,41,4,'medium',NULL,'2026-07-04 14:35:40','2026-07-04 14:35:40'),(40,2,40,4,'medium',NULL,'2026-07-04 14:35:40','2026-07-04 14:35:40'),(41,2,39,4,'medium',NULL,'2026-07-04 14:35:41','2026-07-04 14:35:41'),(42,2,42,4,'medium',NULL,'2026-07-04 14:35:42','2026-07-04 14:35:42'),(43,2,46,4,'medium',NULL,'2026-07-04 14:35:46','2026-07-04 14:35:46'),(44,2,44,4,'medium',NULL,'2026-07-04 14:35:46','2026-07-04 14:35:46'),(45,2,45,4,'medium',NULL,'2026-07-04 14:35:47','2026-07-04 14:35:47'),(46,2,43,4,'medium',NULL,'2026-07-04 14:35:48','2026-07-04 14:35:48'),(47,3,1,3,'high','d','2026-07-04 19:53:08','2026-07-04 19:53:08'),(48,3,2,3,'high','d','2026-07-04 19:53:09','2026-07-04 19:53:09'),(49,3,3,3,'high','d','2026-07-04 19:53:12','2026-07-04 19:53:12'),(50,3,46,3,'high','d','2026-07-04 19:53:18','2026-07-04 19:53:18'),(51,3,45,3,'high','d','2026-07-04 19:53:19','2026-07-04 19:53:19'),(52,3,44,3,'high','d','2026-07-04 19:53:21','2026-07-04 19:53:21'),(53,3,43,3,'high','d','2026-07-04 19:53:22','2026-07-04 19:53:22'),(54,3,39,3,'high','d','2026-07-04 19:53:28','2026-07-04 19:53:28'),(55,3,40,3,'medium',NULL,'2026-07-04 19:53:28','2026-07-04 19:53:28'),(56,3,41,3,'medium',NULL,'2026-07-04 19:53:29','2026-07-04 19:53:29'),(57,3,42,3,'high','d','2026-07-04 19:53:30','2026-07-04 19:53:49'),(58,3,35,3,'high','d','2026-07-04 19:53:34','2026-07-04 19:53:34'),(59,3,36,3,'other','d','2026-07-04 19:53:34','2026-07-04 19:53:36'),(60,3,37,3,'high','d','2026-07-04 19:53:39','2026-07-04 19:53:39'),(61,3,38,3,'high','d','2026-07-04 19:53:42','2026-07-04 19:53:42'),(62,3,31,3,'high','d','2026-07-04 19:53:51','2026-07-04 19:53:51'),(63,3,32,3,'high','d','2026-07-04 19:53:52','2026-07-04 19:53:52'),(64,3,33,3,'high','dd','2026-07-04 19:53:55','2026-07-04 19:53:55'),(65,3,34,3,'high','d','2026-07-04 19:53:58','2026-07-04 19:53:58'),(66,3,30,3,'high','dd','2026-07-04 19:54:10','2026-07-04 19:54:10'),(67,3,29,3,'medium',NULL,'2026-07-04 19:54:11','2026-07-04 19:54:11'),(68,3,28,3,'medium',NULL,'2026-07-04 19:54:12','2026-07-04 19:54:12'),(69,3,27,3,'medium',NULL,'2026-07-04 19:54:13','2026-07-04 19:54:13'),(70,3,24,3,'medium',NULL,'2026-07-04 19:54:16','2026-07-04 19:54:16'),(71,3,25,3,'medium',NULL,'2026-07-04 19:54:17','2026-07-04 19:54:17'),(72,3,26,3,'medium',NULL,'2026-07-04 19:54:17','2026-07-04 19:54:17'),(73,3,16,3,'high','d','2026-07-04 19:54:21','2026-07-04 19:54:21'),(74,3,17,3,'high','d','2026-07-04 19:54:23','2026-07-04 19:54:23'),(75,3,18,3,'high','d','2026-07-04 19:54:25','2026-07-04 19:54:25'),(76,3,19,3,'high','d','2026-07-04 19:54:27','2026-07-04 19:54:27'),(77,3,20,3,'high','d','2026-07-04 19:54:29','2026-07-04 19:54:29'),(78,3,21,3,'high','d','2026-07-04 19:54:30','2026-07-04 19:54:30'),(79,3,22,3,'high','d','2026-07-04 19:54:33','2026-07-04 19:54:33'),(80,3,23,3,'high','d','2026-07-04 19:54:36','2026-07-04 19:54:36'),(81,3,10,3,'medium',NULL,'2026-07-04 19:54:39','2026-07-04 19:54:39'),(82,3,11,3,'medium',NULL,'2026-07-04 19:54:40','2026-07-04 19:54:40'),(83,3,12,3,'medium',NULL,'2026-07-04 19:54:41','2026-07-04 19:54:41'),(84,3,13,3,'medium',NULL,'2026-07-04 19:54:42','2026-07-04 19:54:42'),(85,3,14,3,'medium',NULL,'2026-07-04 19:54:43','2026-07-04 19:54:43'),(86,3,15,3,'high','dddddddddd','2026-07-04 19:54:46','2026-07-04 19:54:52'),(87,3,4,3,'high','ddd','2026-07-04 19:55:00','2026-07-04 19:55:00'),(88,3,5,3,'high','dddddddddddddd','2026-07-04 19:55:02','2026-07-04 19:55:03'),(89,3,9,3,'medium',NULL,'2026-07-04 19:55:06','2026-07-04 19:55:06'),(90,3,8,3,'medium',NULL,'2026-07-04 19:55:07','2026-07-04 19:55:07'),(91,3,7,3,'medium',NULL,'2026-07-04 19:55:08','2026-07-04 19:55:08'),(92,3,6,3,'medium',NULL,'2026-07-04 19:55:09','2026-07-04 19:55:09'),(93,1,1,2,'low',NULL,'2026-07-04 19:56:24','2026-07-04 19:56:24'),(94,1,2,2,'low',NULL,'2026-07-04 19:56:25','2026-07-04 19:56:25'),(95,1,3,2,'low',NULL,'2026-07-04 19:56:26','2026-07-04 19:56:26'),(96,1,46,2,'low',NULL,'2026-07-04 19:56:28','2026-07-04 19:56:28'),(97,1,45,2,'low',NULL,'2026-07-04 19:56:29','2026-07-04 19:56:29'),(98,1,44,2,'low',NULL,'2026-07-04 19:56:29','2026-07-04 19:56:29'),(99,1,43,2,'low',NULL,'2026-07-04 19:56:30','2026-07-04 19:56:30'),(100,1,42,2,'low',NULL,'2026-07-04 19:56:33','2026-07-04 19:56:33'),(101,1,41,2,'low',NULL,'2026-07-04 19:56:33','2026-07-04 19:56:33'),(102,1,40,2,'low',NULL,'2026-07-04 19:56:34','2026-07-04 19:56:34'),(103,1,39,2,'low',NULL,'2026-07-04 19:56:35','2026-07-04 19:56:35'),(104,1,37,2,'low',NULL,'2026-07-04 19:56:37','2026-07-04 19:56:37'),(105,1,36,2,'low',NULL,'2026-07-04 19:56:37','2026-07-04 19:56:37'),(106,1,35,2,'low',NULL,'2026-07-04 19:56:38','2026-07-04 19:56:38'),(107,1,38,2,'low',NULL,'2026-07-04 19:56:39','2026-07-04 19:56:39'),(108,1,31,2,'low',NULL,'2026-07-04 19:56:44','2026-07-04 19:56:44'),(109,1,32,2,'low',NULL,'2026-07-04 19:56:45','2026-07-04 19:56:45'),(110,1,33,2,'low',NULL,'2026-07-04 19:56:46','2026-07-04 19:56:46'),(111,1,34,2,'medium',NULL,'2026-07-04 19:56:46','2026-07-04 19:56:46'),(112,1,29,2,'medium',NULL,'2026-07-04 19:56:49','2026-07-04 19:56:49'),(113,1,28,2,'medium',NULL,'2026-07-04 19:56:50','2026-07-04 19:56:50'),(114,1,27,2,'medium',NULL,'2026-07-04 19:56:50','2026-07-04 19:56:50'),(115,1,30,2,'medium',NULL,'2026-07-04 19:56:51','2026-07-04 19:56:51'),(116,1,24,2,'low',NULL,'2026-07-04 19:56:54','2026-07-04 19:56:54'),(117,1,25,2,'low',NULL,'2026-07-04 19:56:55','2026-07-04 19:56:55'),(118,1,26,2,'low',NULL,'2026-07-04 19:56:56','2026-07-04 19:56:56'),(119,1,16,2,'low',NULL,'2026-07-04 19:56:59','2026-07-04 19:56:59'),(120,1,17,2,'low',NULL,'2026-07-04 19:56:59','2026-07-04 19:56:59'),(121,1,19,2,'low',NULL,'2026-07-04 19:57:01','2026-07-04 19:57:01'),(122,1,18,2,'low',NULL,'2026-07-04 19:57:02','2026-07-04 19:57:02'),(123,1,20,2,'low',NULL,'2026-07-04 19:57:05','2026-07-04 19:57:05'),(124,1,21,2,'low',NULL,'2026-07-04 19:57:06','2026-07-04 19:57:06'),(125,1,22,2,'low',NULL,'2026-07-04 19:57:06','2026-07-04 19:57:06'),(126,1,23,2,'low',NULL,'2026-07-04 19:57:07','2026-07-04 19:57:07'),(127,1,15,2,'low',NULL,'2026-07-04 19:57:11','2026-07-04 19:57:11'),(128,1,14,2,'low',NULL,'2026-07-04 19:57:12','2026-07-04 19:57:12'),(129,1,13,2,'low',NULL,'2026-07-04 19:57:12','2026-07-04 19:57:12'),(130,1,12,2,'low',NULL,'2026-07-04 19:57:13','2026-07-04 19:57:13'),(131,1,11,2,'low',NULL,'2026-07-04 19:57:14','2026-07-04 19:57:14'),(132,1,10,2,'low',NULL,'2026-07-04 19:57:15','2026-07-04 19:57:15'),(133,1,4,2,'low',NULL,'2026-07-04 19:57:17','2026-07-04 19:57:17'),(134,1,5,2,'low',NULL,'2026-07-04 19:57:18','2026-07-04 19:57:18'),(135,1,6,2,'low',NULL,'2026-07-04 19:57:18','2026-07-04 19:57:18'),(136,1,7,2,'low',NULL,'2026-07-04 19:57:19','2026-07-04 19:57:19'),(137,1,8,2,'low',NULL,'2026-07-04 19:57:20','2026-07-04 19:57:20'),(138,1,9,2,'low',NULL,'2026-07-04 19:57:21','2026-07-04 19:57:21');
/*!40000 ALTER TABLE `responses` ENABLE KEYS */;
UNLOCK TABLES;

--
-- Table structure for table `result_snapshots`
--

DROP TABLE IF EXISTS `result_snapshots`;
/*!40101 SET @saved_cs_client     = @@character_set_client */;
/*!40101 SET character_set_client = utf8 */;
CREATE TABLE `result_snapshots` (
  `id` bigint(20) unsigned NOT NULL AUTO_INCREMENT,
  `inspection_id` bigint(20) unsigned NOT NULL,
  `user_id` bigint(20) unsigned DEFAULT NULL,
  `payload_json` longtext CHARACTER SET utf8mb4 COLLATE utf8mb4_bin NOT NULL CHECK (json_valid(`payload_json`)),
  `created_at` timestamp NULL DEFAULT NULL,
  `updated_at` timestamp NULL DEFAULT NULL,
  PRIMARY KEY (`id`),
  UNIQUE KEY `result_snapshots_inspection_id_user_id_unique` (`inspection_id`,`user_id`),
  KEY `result_snapshots_user_id_foreign` (`user_id`),
  CONSTRAINT `result_snapshots_inspection_id_foreign` FOREIGN KEY (`inspection_id`) REFERENCES `inspections` (`id`) ON DELETE CASCADE,
  CONSTRAINT `result_snapshots_user_id_foreign` FOREIGN KEY (`user_id`) REFERENCES `users` (`id`) ON DELETE CASCADE
) ENGINE=InnoDB AUTO_INCREMENT=7 DEFAULT CHARSET=utf8mb4 COLLATE=utf8mb4_unicode_ci;
/*!40101 SET character_set_client = @saved_cs_client */;

--
-- Dumping data for table `result_snapshots`
--

LOCK TABLES `result_snapshots` WRITE;
/*!40000 ALTER TABLE `result_snapshots` DISABLE KEYS */;
INSERT INTO `result_snapshots` VALUES (1,2,4,'{\"global_score\":59,\"medal\":{\"name\":\"bronze\"},\"sections\":[{\"id\":1,\"name\":\"Information Existence and Quality\",\"score\":58,\"percentage\":100,\"medal\":\"bronze\",\"categories\":[{\"id\":1,\"name\":\"People\\/Actors\",\"score\":100,\"percentage\":100,\"total_questions\":3,\"answered\":3,\"questions\":[{\"question_id\":1,\"level\":\"high\",\"score\":100},{\"question_id\":2,\"level\":\"high\",\"score\":100},{\"question_id\":3,\"level\":\"high\",\"score\":100}]},{\"id\":2,\"name\":\"Purpose of Use\",\"score\":42,\"percentage\":100,\"total_questions\":6,\"answered\":6,\"questions\":[{\"question_id\":4,\"level\":\"medium\",\"score\":50},{\"question_id\":5,\"level\":\"medium\",\"score\":50},{\"question_id\":6,\"level\":\"medium\",\"score\":50},{\"question_id\":7,\"level\":\"medium\",\"score\":50},{\"question_id\":8,\"level\":\"medium\",\"score\":50},{\"question_id\":9,\"level\":\"low\",\"score\":0}]},{\"id\":3,\"name\":\"Personal Data\",\"score\":50,\"percentage\":100,\"total_questions\":6,\"answered\":6,\"questions\":[{\"question_id\":10,\"level\":\"medium\",\"score\":50},{\"question_id\":11,\"level\":\"medium\",\"score\":50},{\"question_id\":12,\"level\":\"medium\",\"score\":50},{\"question_id\":13,\"level\":\"medium\",\"score\":50},{\"question_id\":14,\"level\":\"medium\",\"score\":50},{\"question_id\":15,\"level\":\"medium\",\"score\":50}]},{\"id\":4,\"name\":\"Sharing\",\"score\":50,\"percentage\":100,\"total_questions\":8,\"answered\":8,\"questions\":[{\"question_id\":16,\"level\":\"medium\",\"score\":50},{\"question_id\":17,\"level\":\"medium\",\"score\":50},{\"question_id\":18,\"level\":\"medium\",\"score\":50},{\"question_id\":19,\"level\":\"medium\",\"score\":50},{\"question_id\":20,\"level\":\"medium\",\"score\":50},{\"question_id\":21,\"level\":\"medium\",\"score\":50},{\"question_id\":22,\"level\":\"medium\",\"score\":50},{\"question_id\":23,\"level\":\"medium\",\"score\":50}]},{\"id\":5,\"name\":\"Agency\",\"score\":50,\"percentage\":100,\"total_questions\":3,\"answered\":3,\"questions\":[{\"question_id\":24,\"level\":\"medium\",\"score\":50},{\"question_id\":25,\"level\":\"medium\",\"score\":50},{\"question_id\":26,\"level\":\"medium\",\"score\":50}]}]},{\"id\":2,\"name\":\"Presentation Format\",\"score\":60,\"percentage\":100,\"medal\":\"bronze\",\"categories\":[{\"id\":6,\"name\":\"People\\/Actors\",\"score\":50,\"percentage\":100,\"total_questions\":4,\"answered\":4,\"questions\":[{\"question_id\":27,\"level\":\"medium\",\"score\":50},{\"question_id\":28,\"level\":\"medium\",\"score\":50},{\"question_id\":29,\"level\":\"medium\",\"score\":50},{\"question_id\":30,\"level\":\"medium\",\"score\":50}]},{\"id\":7,\"name\":\"Purpose of Use\",\"score\":100,\"percentage\":100,\"total_questions\":4,\"answered\":4,\"questions\":[{\"question_id\":31,\"level\":\"high\",\"score\":100},{\"question_id\":32,\"level\":\"high\",\"score\":100},{\"question_id\":33,\"level\":\"high\",\"score\":100},{\"question_id\":34,\"level\":\"high\",\"score\":100}]},{\"id\":8,\"name\":\"Personal Data\",\"score\":50,\"percentage\":100,\"total_questions\":4,\"answered\":4,\"questions\":[{\"question_id\":35,\"level\":\"medium\",\"score\":50},{\"question_id\":36,\"level\":\"medium\",\"score\":50},{\"question_id\":37,\"level\":\"medium\",\"score\":50},{\"question_id\":38,\"level\":\"medium\",\"score\":50}]},{\"id\":9,\"name\":\"Sharing\",\"score\":50,\"percentage\":100,\"total_questions\":4,\"answered\":4,\"questions\":[{\"question_id\":39,\"level\":\"medium\",\"score\":50},{\"question_id\":40,\"level\":\"medium\",\"score\":50},{\"question_id\":41,\"level\":\"medium\",\"score\":50},{\"question_id\":42,\"level\":\"medium\",\"score\":50}]},{\"id\":10,\"name\":\"Agency\",\"score\":50,\"percentage\":100,\"total_questions\":4,\"answered\":4,\"questions\":[{\"question_id\":43,\"level\":\"medium\",\"score\":50},{\"question_id\":44,\"level\":\"medium\",\"score\":50},{\"question_id\":45,\"level\":\"medium\",\"score\":50},{\"question_id\":46,\"level\":\"medium\",\"score\":50}]}]}]}','2026-07-04 14:35:57','2026-07-04 14:35:57'),(2,2,NULL,'{\"global_score\":59,\"medal\":{\"name\":\"bronze\"},\"sections\":[{\"id\":1,\"name\":\"Information Existence and Quality\",\"score\":58,\"medal\":\"bronze\",\"categories\":[{\"id\":1,\"name\":\"People\\/Actors\",\"score\":100,\"questions\":[{\"question_id\":1,\"question_text\":\"Information about the actors such as: Name, address, phone, email, and company representative?\",\"score\":100,\"variance\":0,\"classification\":\"low\"},{\"question_id\":2,\"question_text\":\"Information indicating which data protection agencies regulate the use of personal data by the actors?\",\"score\":100,\"variance\":0,\"classification\":\"low\"},{\"question_id\":3,\"question_text\":\"Information about the role (function) of each actor in the use of personal data?\",\"score\":100,\"variance\":0,\"classification\":\"low\"}]},{\"id\":2,\"name\":\"Purpose of Use\",\"score\":42,\"questions\":[{\"question_id\":4,\"question_text\":\"Description of the purpose of use of personal data.\",\"score\":50,\"variance\":0,\"classification\":\"low\"},{\"question_id\":5,\"question_text\":\"Information about the law\\/regulation that makes the use of personal data legal.\",\"score\":50,\"variance\":0,\"classification\":\"low\"},{\"question_id\":6,\"question_text\":\"Information about which personal data will be used to achieve the stated objectives.\",\"score\":50,\"variance\":0,\"classification\":\"low\"},{\"question_id\":7,\"question_text\":\"Information about the actor legally responsible for the use of personal data.\",\"score\":50,\"variance\":0,\"classification\":\"low\"},{\"question_id\":8,\"question_text\":\"Information about whether or not personal data is used or processed exclusively by computer, without human supervision.\",\"score\":50,\"variance\":0,\"classification\":\"low\"},{\"question_id\":9,\"question_text\":\"Information about the period of personal data handling for the indicated purpose.\",\"score\":0,\"variance\":0,\"classification\":\"low\"}]},{\"id\":3,\"name\":\"Personal Data\",\"score\":50,\"questions\":[{\"question_id\":10,\"question_text\":\"Information about which personal data is used.\",\"score\":50,\"variance\":0,\"classification\":\"low\"},{\"question_id\":11,\"question_text\":\"Description of how personal data is composed (details that can better explain the personal data).\",\"score\":50,\"variance\":0,\"classification\":\"low\"},{\"question_id\":12,\"question_text\":\"Information about the origin of the data (devices, third-party purchase, sharing, etc.).\",\"score\":50,\"variance\":0,\"classification\":\"low\"},{\"question_id\":13,\"question_text\":\"In case of mandatory data provision by individuals, information about what may happen if the data is not collected.\",\"score\":50,\"variance\":0,\"classification\":\"low\"},{\"question_id\":14,\"question_text\":\"Information about the purpose of using personal data and how (what process) it is done with the personal data.\",\"score\":50,\"variance\":0,\"classification\":\"low\"},{\"question_id\":15,\"question_text\":\"Information about the permission granted by the individual for the use of personal data.\",\"score\":50,\"variance\":0,\"classification\":\"low\"}]},{\"id\":4,\"name\":\"Sharing\",\"score\":50,\"questions\":[{\"question_id\":16,\"question_text\":\"Information about which personal data is transferred or shared with third parties.\",\"score\":50,\"variance\":0,\"classification\":\"low\"},{\"question_id\":17,\"question_text\":\"Information about the reason for the transfer and\\/or sharing of personal data.\",\"score\":50,\"variance\":0,\"classification\":\"low\"},{\"question_id\":18,\"question_text\":\"Information about the legal basis (law\\/regulation) that ensures the legality of data sharing.\",\"score\":50,\"variance\":0,\"classification\":\"low\"},{\"question_id\":19,\"question_text\":\"Complete data of the personal data recipient, allowing identification and contact with the recipient.\",\"score\":50,\"variance\":0,\"classification\":\"low\"},{\"question_id\":20,\"question_text\":\"Data of the organization that monitors the use of personal data in the recipient\'s country or region, allowing identification and contact with the agency.\",\"score\":50,\"variance\":0,\"classification\":\"low\"},{\"question_id\":21,\"question_text\":\"List of which data was transferred or shared and how it was obtained.\",\"score\":50,\"variance\":0,\"classification\":\"low\"},{\"question_id\":22,\"question_text\":\"Information to remind how you allowed and\\/or authorized the sharing of personal data.\",\"score\":50,\"variance\":0,\"classification\":\"low\"},{\"question_id\":23,\"question_text\":\"Information about the events that cause the transfer\\/sharing of personal data.\",\"score\":50,\"variance\":0,\"classification\":\"low\"}]},{\"id\":5,\"name\":\"Agency\",\"score\":50,\"questions\":[{\"question_id\":24,\"question_text\":\"Information on how the individual can request a copy of their data, change data usage permission, file a complaint, or exercise any right over their data.\",\"score\":50,\"variance\":0,\"classification\":\"low\"},{\"question_id\":25,\"question_text\":\"Information about contact means, phone numbers, and emails of the actors involved in the use of personal data.\",\"score\":50,\"variance\":0,\"classification\":\"low\"},{\"question_id\":26,\"question_text\":\"Information and\\/or resources for the individual to request a copy of their data, change data usage permission, file a complaint, or exercise any right over their data directly in the software, without needing to make contact.\",\"score\":50,\"variance\":0,\"classification\":\"low\"}]}]},{\"id\":2,\"name\":\"Presentation Format\",\"score\":60,\"medal\":\"bronze\",\"categories\":[{\"id\":6,\"name\":\"People\\/Actors\",\"score\":50,\"questions\":[{\"question_id\":27,\"question_text\":\"Design elements (texts, figures, photos, etc.) used to present information about the actors.\",\"score\":50,\"variance\":0,\"classification\":\"low\"},{\"question_id\":28,\"question_text\":\"Simplicity, objectivity, and relevance of information to effectively assist in analyzing the actors involved in the use of personal data.\",\"score\":50,\"variance\":0,\"classification\":\"low\"},{\"question_id\":29,\"question_text\":\"Ease of access to information so as not to require the individual to perform complex searches or analyze\\/read large volumes of text.\",\"score\":50,\"variance\":0,\"classification\":\"low\"},{\"question_id\":30,\"question_text\":\"The existing information eliminates the need for the individual to search for information from other sources.\",\"score\":50,\"variance\":0,\"classification\":\"low\"}]},{\"id\":7,\"name\":\"Purpose of Use\",\"score\":100,\"questions\":[{\"question_id\":31,\"question_text\":\"Design elements (texts, figures, photos, etc.) used to present information about the purpose(s) of data use.\",\"score\":100,\"variance\":0,\"classification\":\"low\"},{\"question_id\":32,\"question_text\":\"Simplicity, objectivity, and relevance of information to effectively assist in analyzing the purpose(s) of personal data use.\",\"score\":100,\"variance\":0,\"classification\":\"low\"},{\"question_id\":33,\"question_text\":\"Ease of access to information so as not to require the individual to perform complex searches or analyze\\/read large volumes of text.\",\"score\":100,\"variance\":0,\"classification\":\"low\"},{\"question_id\":34,\"question_text\":\"The existing information eliminates the need for the user to search for information from other sources.\",\"score\":100,\"variance\":0,\"classification\":\"low\"}]},{\"id\":8,\"name\":\"Personal Data\",\"score\":50,\"questions\":[{\"question_id\":35,\"question_text\":\"Design elements (texts, figures, photos, etc.) used to present information about the personal data handled.\",\"score\":50,\"variance\":0,\"classification\":\"low\"},{\"question_id\":36,\"question_text\":\"Simplicity, objectivity, and relevance of information to effectively assist in analyzing the purpose of personal data use.\",\"score\":50,\"variance\":0,\"classification\":\"low\"},{\"question_id\":37,\"question_text\":\"Ease of access to information so as not to require the individual to perform complex searches or analyze\\/read large volumes of text.\",\"score\":50,\"variance\":0,\"classification\":\"low\"},{\"question_id\":38,\"question_text\":\"The existing information eliminates the need for the user to search for information from other sources.\",\"score\":50,\"variance\":0,\"classification\":\"low\"}]},{\"id\":9,\"name\":\"Sharing\",\"score\":50,\"questions\":[{\"question_id\":39,\"question_text\":\"Design elements (texts, figures, photos, etc.) used to present information about data transfer\\/sharing.\",\"score\":50,\"variance\":0,\"classification\":\"low\"},{\"question_id\":40,\"question_text\":\"Simplicity, objectivity, and relevance of information to effectively assist in analyzing data transfer\\/sharing.\",\"score\":50,\"variance\":0,\"classification\":\"low\"},{\"question_id\":41,\"question_text\":\"Ease of access to information so as not to require the individual to perform complex searches or analyze\\/read large volumes of text.\",\"score\":50,\"variance\":0,\"classification\":\"low\"},{\"question_id\":42,\"question_text\":\"The existing information eliminates the need for the user to search for information from other sources.\",\"score\":50,\"variance\":0,\"classification\":\"low\"}]},{\"id\":10,\"name\":\"Agency\",\"score\":50,\"questions\":[{\"question_id\":43,\"question_text\":\"Design elements (texts, figures, photos, etc.) used to present information about control agencies and actions to question or verify data use.\",\"score\":50,\"variance\":0,\"classification\":\"low\"},{\"question_id\":44,\"question_text\":\"Simplicity, objectivity, and relevance of information to effectively assist in analyzing control agencies and actions to question or verify data use.\",\"score\":50,\"variance\":0,\"classification\":\"low\"},{\"question_id\":45,\"question_text\":\"Ease of access to information so as not to require the individual to perform complex searches or analyze\\/read large volumes of text.\",\"score\":50,\"variance\":0,\"classification\":\"low\"},{\"question_id\":46,\"question_text\":\"The existing information eliminates the need for the user to search for information from other sources.\",\"score\":50,\"variance\":0,\"classification\":\"low\"}]}]}],\"user_count\":1}','2026-07-04 14:35:57','2026-07-04 14:35:57'),(3,3,3,'{\"global_score\":79,\"medal\":{\"name\":\"silver\"},\"sections\":[{\"id\":1,\"name\":\"Exist\\u00eancia e Qualidade da Informa\\u00e7\\u00e3o\",\"score\":75,\"percentage\":100,\"medal\":\"silver\",\"categories\":[{\"id\":1,\"name\":\"Pessoas\\/Atores\",\"score\":100,\"percentage\":100,\"total_questions\":3,\"answered\":3,\"questions\":[{\"question_id\":1,\"level\":\"high\",\"score\":100},{\"question_id\":2,\"level\":\"high\",\"score\":100},{\"question_id\":3,\"level\":\"high\",\"score\":100}]},{\"id\":2,\"name\":\"Prop\\u00f3sito de uso\",\"score\":67,\"percentage\":100,\"total_questions\":6,\"answered\":6,\"questions\":[{\"question_id\":4,\"level\":\"high\",\"score\":100},{\"question_id\":5,\"level\":\"high\",\"score\":100},{\"question_id\":6,\"level\":\"medium\",\"score\":50},{\"question_id\":7,\"level\":\"medium\",\"score\":50},{\"question_id\":8,\"level\":\"medium\",\"score\":50},{\"question_id\":9,\"level\":\"medium\",\"score\":50}]},{\"id\":3,\"name\":\"Dados pessoais\",\"score\":58,\"percentage\":100,\"total_questions\":6,\"answered\":6,\"questions\":[{\"question_id\":10,\"level\":\"medium\",\"score\":50},{\"question_id\":11,\"level\":\"medium\",\"score\":50},{\"question_id\":12,\"level\":\"medium\",\"score\":50},{\"question_id\":13,\"level\":\"medium\",\"score\":50},{\"question_id\":14,\"level\":\"medium\",\"score\":50},{\"question_id\":15,\"level\":\"high\",\"score\":100}]},{\"id\":4,\"name\":\"Compartilhamento\",\"score\":100,\"percentage\":100,\"total_questions\":8,\"answered\":8,\"questions\":[{\"question_id\":16,\"level\":\"high\",\"score\":100},{\"question_id\":17,\"level\":\"high\",\"score\":100},{\"question_id\":18,\"level\":\"high\",\"score\":100},{\"question_id\":19,\"level\":\"high\",\"score\":100},{\"question_id\":20,\"level\":\"high\",\"score\":100},{\"question_id\":21,\"level\":\"high\",\"score\":100},{\"question_id\":22,\"level\":\"high\",\"score\":100},{\"question_id\":23,\"level\":\"high\",\"score\":100}]},{\"id\":5,\"name\":\"Agenciamento\",\"score\":50,\"percentage\":100,\"total_questions\":3,\"answered\":3,\"questions\":[{\"question_id\":24,\"level\":\"medium\",\"score\":50},{\"question_id\":25,\"level\":\"medium\",\"score\":50},{\"question_id\":26,\"level\":\"medium\",\"score\":50}]}]},{\"id\":2,\"name\":\"Formato de Apresenta\\u00e7\\u00e3o\",\"score\":83,\"percentage\":100,\"medal\":\"silver\",\"categories\":[{\"id\":6,\"name\":\"Pessoas\\/Atores\",\"score\":63,\"percentage\":100,\"total_questions\":4,\"answered\":4,\"questions\":[{\"question_id\":27,\"level\":\"medium\",\"score\":50},{\"question_id\":28,\"level\":\"medium\",\"score\":50},{\"question_id\":29,\"level\":\"medium\",\"score\":50},{\"question_id\":30,\"level\":\"high\",\"score\":100}]},{\"id\":7,\"name\":\"Prop\\u00f3sito de uso\",\"score\":100,\"percentage\":100,\"total_questions\":4,\"answered\":4,\"questions\":[{\"question_id\":31,\"level\":\"high\",\"score\":100},{\"question_id\":32,\"level\":\"high\",\"score\":100},{\"question_id\":33,\"level\":\"high\",\"score\":100},{\"question_id\":34,\"level\":\"high\",\"score\":100}]},{\"id\":8,\"name\":\"Dados pessoais\",\"score\":75,\"percentage\":100,\"total_questions\":4,\"answered\":4,\"questions\":[{\"question_id\":35,\"level\":\"high\",\"score\":100},{\"question_id\":36,\"level\":\"other\",\"score\":null},{\"question_id\":37,\"level\":\"high\",\"score\":100},{\"question_id\":38,\"level\":\"high\",\"score\":100}]},{\"id\":9,\"name\":\"Compartilhamento\",\"score\":75,\"percentage\":100,\"total_questions\":4,\"answered\":4,\"questions\":[{\"question_id\":39,\"level\":\"high\",\"score\":100},{\"question_id\":40,\"level\":\"medium\",\"score\":50},{\"question_id\":41,\"level\":\"medium\",\"score\":50},{\"question_id\":42,\"level\":\"high\",\"score\":100}]},{\"id\":10,\"name\":\"Agenciamento\",\"score\":100,\"percentage\":100,\"total_questions\":4,\"answered\":4,\"questions\":[{\"question_id\":43,\"level\":\"high\",\"score\":100},{\"question_id\":44,\"level\":\"high\",\"score\":100},{\"question_id\":45,\"level\":\"high\",\"score\":100},{\"question_id\":46,\"level\":\"high\",\"score\":100}]}]}]}','2026-07-04 19:55:13','2026-07-04 19:55:13'),(4,3,NULL,'{\"global_score\":79,\"medal\":{\"name\":\"silver\"},\"sections\":[{\"id\":1,\"name\":\"Exist\\u00eancia e Qualidade da Informa\\u00e7\\u00e3o\",\"score\":75,\"medal\":\"silver\",\"categories\":[{\"id\":1,\"name\":\"Pessoas\\/Atores\",\"score\":100,\"questions\":[{\"question_id\":1,\"question_text\":\"Informa\\u00e7\\u00f5es sobre os atores tais como: Nome, endere\\u00e7o, telefone, e-mail e respons\\u00e1vel pela empresa?\",\"score\":100,\"variance\":0,\"classification\":\"low\"},{\"question_id\":2,\"question_text\":\"Informa\\u00e7\\u00f5es que indicam quais s\\u00e3o as ag\\u00eancias de prote\\u00e7\\u00e3o de dados que regulamentam o uso dos dados pessoais pelos atores?\",\"score\":100,\"variance\":0,\"classification\":\"low\"},{\"question_id\":3,\"question_text\":\"Informa\\u00e7\\u00f5es sobre o papel (fun\\u00e7\\u00e3o) de cada actor no uso dos dados pessoais?\",\"score\":100,\"variance\":0,\"classification\":\"low\"}]},{\"id\":2,\"name\":\"Prop\\u00f3sito de uso\",\"score\":67,\"questions\":[{\"question_id\":4,\"question_text\":\"Descri\\u00e7\\u00e3o do objetivo de uso dos dados pessoais.\",\"score\":100,\"variance\":0,\"classification\":\"low\"},{\"question_id\":5,\"question_text\":\"Informa\\u00e7\\u00e3o sobre a lei\\/regulamenta\\u00e7\\u00e3o que torna o uso dos dados pessoais legal.\",\"score\":100,\"variance\":0,\"classification\":\"low\"},{\"question_id\":6,\"question_text\":\"Informa\\u00e7\\u00f5es sobre quais dados pessoais ser\\u00e3o utilizados para atingir os objetivos apontados.\",\"score\":50,\"variance\":0,\"classification\":\"low\"},{\"question_id\":7,\"question_text\":\"Informa\\u00e7\\u00e3o do ator respons\\u00e1vel legal pelo uso dos dados pessoais.\",\"score\":50,\"variance\":0,\"classification\":\"low\"},{\"question_id\":8,\"question_text\":\"Informa\\u00e7\\u00f5es sobre a exist\\u00eancia, ou n\\u00e3o, da utiliza\\u00e7\\u00e3o ou processamento de dados pessoais feitas exclusivamente por computador, sem a supervis\\u00e3o humana.\",\"score\":50,\"variance\":0,\"classification\":\"low\"},{\"question_id\":9,\"question_text\":\"Informa\\u00e7\\u00f5es sobre o per\\u00edodo de manipula\\u00e7\\u00e3o dos dados pessoais para o prop\\u00f3sito indicado.\",\"score\":50,\"variance\":0,\"classification\":\"low\"}]},{\"id\":3,\"name\":\"Dados pessoais\",\"score\":58,\"questions\":[{\"question_id\":10,\"question_text\":\"Informa\\u00e7\\u00f5es de quais dados pessoais s\\u00e3o utilizados.\",\"score\":50,\"variance\":0,\"classification\":\"low\"},{\"question_id\":11,\"question_text\":\"Descri\\u00e7\\u00e3o de como os dados pessoais s\\u00e3o compostos (detalhes que possam explicar melhor os dados pessoais).\",\"score\":50,\"variance\":0,\"classification\":\"low\"},{\"question_id\":12,\"question_text\":\"Informa\\u00e7\\u00f5es sobre a origem dos dados (dispositivos, compra de terceiros, compartilhamento etc).\",\"score\":50,\"variance\":0,\"classification\":\"low\"},{\"question_id\":13,\"question_text\":\"Em caso de obrigatoriedade da disponibiliza\\u00e7\\u00e3o dos dados pelos indiv\\u00edduos, informa\\u00e7\\u00f5es sobre o que pode ocorrer no caso da n\\u00e3o coleta dos dados.\",\"score\":50,\"variance\":0,\"classification\":\"low\"},{\"question_id\":14,\"question_text\":\"Informa\\u00e7\\u00f5es sobre o objetivo do uso do dado pessoal e como (qual processo) \\u00e9 feito com o dado pessoal.\",\"score\":50,\"variance\":0,\"classification\":\"low\"},{\"question_id\":15,\"question_text\":\"Informa\\u00e7\\u00f5es sobre a permiss\\u00e3o concedida pelo indiv\\u00edduo para o uso dos dados pessoais.\",\"score\":100,\"variance\":0,\"classification\":\"low\"}]},{\"id\":4,\"name\":\"Compartilhamento\",\"score\":100,\"questions\":[{\"question_id\":16,\"question_text\":\"Informa\\u00e7\\u00f5es de quais dados pessoais s\\u00e3o transferidos ou compartilhados com terceiros.\",\"score\":100,\"variance\":0,\"classification\":\"low\"},{\"question_id\":17,\"question_text\":\"Informa\\u00e7\\u00f5es sobre o motivo da transfer\\u00eancia e\\/ou compartilhamento dos dados pessoais.\",\"score\":100,\"variance\":0,\"classification\":\"low\"},{\"question_id\":18,\"question_text\":\"Informa\\u00e7\\u00f5es sobre a base legal (lei\\/regulamenta\\u00e7\\u00e3o) que garante a legalidade do compartilhamento dos dados.\",\"score\":100,\"variance\":0,\"classification\":\"low\"},{\"question_id\":19,\"question_text\":\"Dados completos do destinat\\u00e1rio dos dados pessoais, de forma que permita a identifica\\u00e7\\u00e3o e o contato com o destinat\\u00e1rio.\",\"score\":100,\"variance\":0,\"classification\":\"low\"},{\"question_id\":20,\"question_text\":\"Dados da organiza\\u00e7\\u00e3o que monitora o uso dos dados pessoais no pa\\u00eds ou regi\\u00e3o do destinat\\u00e1rio, de forma que permita a identifica\\u00e7\\u00e3o e o contato com o \\u00f3rg\\u00e3o.\",\"score\":100,\"variance\":0,\"classification\":\"low\"},{\"question_id\":21,\"question_text\":\"Rela\\u00e7\\u00e3o de quais dados foram transferidos ou compartilhados e como foram obtidos.\",\"score\":100,\"variance\":0,\"classification\":\"low\"},{\"question_id\":22,\"question_text\":\"Informa\\u00e7\\u00f5es para relembrar como voc\\u00ea permitiu e\\/ou autorizou o compartilhamento dos dados pessoais.\",\"score\":100,\"variance\":0,\"classification\":\"low\"},{\"question_id\":23,\"question_text\":\"Informa\\u00e7\\u00f5es sobre os eventos que causam a transfer\\u00eancia\\/compartilhamento dos dados pessoais.\",\"score\":100,\"variance\":0,\"classification\":\"low\"}]},{\"id\":5,\"name\":\"Agenciamento\",\"score\":50,\"questions\":[{\"question_id\":24,\"question_text\":\"Informa\\u00e7\\u00f5es de como o indiv\\u00edduo pode solicitar c\\u00f3pia de seus dados, altera\\u00e7\\u00e3o de permiss\\u00e3o de uso dos dados, realizar uma reclama\\u00e7\\u00e3o ou exercer qualquer direito sobre os seus dados.\",\"score\":50,\"variance\":0,\"classification\":\"low\"},{\"question_id\":25,\"question_text\":\"Informa\\u00e7\\u00f5es sobre meios de contato, telefones, e-mails sobre os atores envolvidos no uso dos dados pessoais.\",\"score\":50,\"variance\":0,\"classification\":\"low\"},{\"question_id\":26,\"question_text\":\"Informa\\u00e7\\u00f5es e\\/ou recursos para o indiv\\u00edduo solicitar c\\u00f3pia de seus dados, altera\\u00e7\\u00e3o de permiss\\u00e3o de uso dos dados, realizar uma reclama\\u00e7\\u00e3o ou exercer qualquer direito sobre os seus dados diretamente no software, sem a necessidade de entrar em contato.\",\"score\":50,\"variance\":0,\"classification\":\"low\"}]}]},{\"id\":2,\"name\":\"Formato de Apresenta\\u00e7\\u00e3o\",\"score\":83,\"medal\":\"silver\",\"categories\":[{\"id\":6,\"name\":\"Pessoas\\/Atores\",\"score\":63,\"questions\":[{\"question_id\":27,\"question_text\":\"Elementos de design (textos, figuras, fotos etc) utilizados para apresentar as informa\\u00e7\\u00f5es dos atores.\",\"score\":50,\"variance\":0,\"classification\":\"low\"},{\"question_id\":28,\"question_text\":\"Simplicidade, objetividade e relev\\u00e2ncia das informa\\u00e7\\u00f5es de forma a auxiliar efetivamente na an\\u00e1lise dos atores envolvidos no uso dos dados pessoais.\",\"score\":50,\"variance\":0,\"classification\":\"low\"},{\"question_id\":29,\"question_text\":\"Facilidade de acesso das informa\\u00e7\\u00f5es de forma a n\\u00e3o exigir que o indiv\\u00edduo realize buscas complexas ou an\\u00e1lise\\/leia de grandes volumes de textos.\",\"score\":50,\"variance\":0,\"classification\":\"low\"},{\"question_id\":30,\"question_text\":\"As informa\\u00e7\\u00f5es existentes descartam a necessidade do indiv\\u00edduo buscar informa\\u00e7\\u00f5es em outras fontes.\",\"score\":100,\"variance\":0,\"classification\":\"low\"}]},{\"id\":7,\"name\":\"Prop\\u00f3sito de uso\",\"score\":100,\"questions\":[{\"question_id\":31,\"question_text\":\"Elementos de design (textos, figuras, fotos etc) utilizados para apresentar as informa\\u00e7\\u00f5es sobre o(s) prop\\u00f3sito(s) de uso dos dados.\",\"score\":100,\"variance\":0,\"classification\":\"low\"},{\"question_id\":32,\"question_text\":\"Simplicidade, objetividade e relev\\u00e2ncia das informa\\u00e7\\u00f5es, de forma a auxiliar efetivamente na an\\u00e1lise do(s) prop\\u00f3sito(s) de uso dos dados pessoais.\",\"score\":100,\"variance\":0,\"classification\":\"low\"},{\"question_id\":33,\"question_text\":\"Facilidade de acesso das informa\\u00e7\\u00f5es de forma a n\\u00e3o exigir que o indiv\\u00edduo realize buscas complexas ou an\\u00e1lise\\/leia grandes volumes de textos.\",\"score\":100,\"variance\":0,\"classification\":\"low\"},{\"question_id\":34,\"question_text\":\"As informa\\u00e7\\u00f5es existentes descartam a necessidade do usu\\u00e1rio buscar informa\\u00e7\\u00f5es em outras fontes.\",\"score\":100,\"variance\":0,\"classification\":\"low\"}]},{\"id\":8,\"name\":\"Dados pessoais\",\"score\":75,\"questions\":[{\"question_id\":35,\"question_text\":\"Elementos de design (textos, figuras, fotos etc) utilizados para apresentar as informa\\u00e7\\u00f5es sobre os dados pessoais manipulados.\",\"score\":100,\"variance\":0,\"classification\":\"low\"},{\"question_id\":36,\"question_text\":\"Simplicidade, objetividade e relev\\u00e2ncia das informa\\u00e7\\u00f5es de forma a auxiliar efetivamente na an\\u00e1lise do prop\\u00f3sito de uso os dados pessoais.\",\"score\":0,\"variance\":0,\"classification\":\"low\"},{\"question_id\":37,\"question_text\":\"Facilidade de acesso das informa\\u00e7\\u00f5es de forma a n\\u00e3o exigir que o indiv\\u00edduo realize buscas complexas ou an\\u00e1lise\\/leia grandes volumes de textos.\",\"score\":100,\"variance\":0,\"classification\":\"low\"},{\"question_id\":38,\"question_text\":\"As informa\\u00e7\\u00f5es existentes descartam a necessidade do usu\\u00e1rio buscar informa\\u00e7\\u00f5es em outras fontes.\",\"score\":100,\"variance\":0,\"classification\":\"low\"}]},{\"id\":9,\"name\":\"Compartilhamento\",\"score\":75,\"questions\":[{\"question_id\":39,\"question_text\":\"Elementos de design (textos, figuras, fotos etc) utilizados para apresentar as informa\\u00e7\\u00f5es sobre a transfer\\u00eancia\\/compartilhamento dos dados.\",\"score\":100,\"variance\":0,\"classification\":\"low\"},{\"question_id\":40,\"question_text\":\"Simplicidade, objetividade e relev\\u00e2ncia das informa\\u00e7\\u00f5es de forma a auxiliar efetivamente na an\\u00e1lise da transfer\\u00eancia\\/compartilhamento dos dados.\",\"score\":50,\"variance\":0,\"classification\":\"low\"},{\"question_id\":41,\"question_text\":\"Facilidade de acesso das informa\\u00e7\\u00f5es de forma a n\\u00e3o exigir que o indiv\\u00edduo realize buscas complexas ou an\\u00e1lise\\/leia grandes volumes de textos.\",\"score\":50,\"variance\":0,\"classification\":\"low\"},{\"question_id\":42,\"question_text\":\"As informa\\u00e7\\u00f5es existentes descartam a necessidade do usu\\u00e1rio buscar informa\\u00e7\\u00f5es em outras fontes.\",\"score\":100,\"variance\":0,\"classification\":\"low\"}]},{\"id\":10,\"name\":\"Agenciamento\",\"score\":100,\"questions\":[{\"question_id\":43,\"question_text\":\"Elementos de design (textos, figuras, fotos etc) utilizados para apresentar as informa\\u00e7\\u00f5es sobre ag\\u00eancias de controle e a\\u00e7\\u00f5es para questionar ou verificar o uso dos dados.\",\"score\":100,\"variance\":0,\"classification\":\"low\"},{\"question_id\":44,\"question_text\":\"Simplicidade, objetividade e relev\\u00e2ncia das informa\\u00e7\\u00f5es de forma a auxiliar efetivamente na an\\u00e1lise das ag\\u00eancias de controle e a\\u00e7\\u00f5es para questionar ou verificar o uso dos dados.\",\"score\":100,\"variance\":0,\"classification\":\"low\"},{\"question_id\":45,\"question_text\":\"Facilidade de acesso das informa\\u00e7\\u00f5es de forma a n\\u00e3o exigir que o indiv\\u00edduo realize buscas complexas ou an\\u00e1lise\\/leia grandes volumes de textos.\",\"score\":100,\"variance\":0,\"classification\":\"low\"},{\"question_id\":46,\"question_text\":\"As informa\\u00e7\\u00f5es existentes descartam a necessidade do usu\\u00e1rio buscar informa\\u00e7\\u00f5es em outras fontes.\",\"score\":100,\"variance\":0,\"classification\":\"low\"}]}]}],\"user_count\":1}','2026-07-04 19:55:13','2026-07-04 19:55:13'),(5,1,2,'{\"global_score\":7,\"medal\":{\"name\":\"incipient\"},\"sections\":[{\"id\":1,\"name\":\"Exist\\u00eancia e Qualidade da Informa\\u00e7\\u00e3o\",\"score\":0,\"percentage\":100,\"medal\":\"incipient\",\"categories\":[{\"id\":1,\"name\":\"Pessoas\\/Atores\",\"score\":0,\"percentage\":100,\"total_questions\":3,\"answered\":3,\"questions\":[{\"question_id\":1,\"level\":\"low\",\"score\":0},{\"question_id\":2,\"level\":\"low\",\"score\":0},{\"question_id\":3,\"level\":\"low\",\"score\":0}]},{\"id\":2,\"name\":\"Prop\\u00f3sito de uso\",\"score\":0,\"percentage\":100,\"total_questions\":6,\"answered\":6,\"questions\":[{\"question_id\":4,\"level\":\"low\",\"score\":0},{\"question_id\":5,\"level\":\"low\",\"score\":0},{\"question_id\":6,\"level\":\"low\",\"score\":0},{\"question_id\":7,\"level\":\"low\",\"score\":0},{\"question_id\":8,\"level\":\"low\",\"score\":0},{\"question_id\":9,\"level\":\"low\",\"score\":0}]},{\"id\":3,\"name\":\"Dados pessoais\",\"score\":0,\"percentage\":100,\"total_questions\":6,\"answered\":6,\"questions\":[{\"question_id\":10,\"level\":\"low\",\"score\":0},{\"question_id\":11,\"level\":\"low\",\"score\":0},{\"question_id\":12,\"level\":\"low\",\"score\":0},{\"question_id\":13,\"level\":\"low\",\"score\":0},{\"question_id\":14,\"level\":\"low\",\"score\":0},{\"question_id\":15,\"level\":\"low\",\"score\":0}]},{\"id\":4,\"name\":\"Compartilhamento\",\"score\":0,\"percentage\":100,\"total_questions\":8,\"answered\":8,\"questions\":[{\"question_id\":16,\"level\":\"low\",\"score\":0},{\"question_id\":17,\"level\":\"low\",\"score\":0},{\"question_id\":18,\"level\":\"low\",\"score\":0},{\"question_id\":19,\"level\":\"low\",\"score\":0},{\"question_id\":20,\"level\":\"low\",\"score\":0},{\"question_id\":21,\"level\":\"low\",\"score\":0},{\"question_id\":22,\"level\":\"low\",\"score\":0},{\"question_id\":23,\"level\":\"low\",\"score\":0}]},{\"id\":5,\"name\":\"Agenciamento\",\"score\":0,\"percentage\":100,\"total_questions\":3,\"answered\":3,\"questions\":[{\"question_id\":24,\"level\":\"low\",\"score\":0},{\"question_id\":25,\"level\":\"low\",\"score\":0},{\"question_id\":26,\"level\":\"low\",\"score\":0}]}]},{\"id\":2,\"name\":\"Formato de Apresenta\\u00e7\\u00e3o\",\"score\":13,\"percentage\":100,\"medal\":\"incipient\",\"categories\":[{\"id\":6,\"name\":\"Pessoas\\/Atores\",\"score\":50,\"percentage\":100,\"total_questions\":4,\"answered\":4,\"questions\":[{\"question_id\":27,\"level\":\"medium\",\"score\":50},{\"question_id\":28,\"level\":\"medium\",\"score\":50},{\"question_id\":29,\"level\":\"medium\",\"score\":50},{\"question_id\":30,\"level\":\"medium\",\"score\":50}]},{\"id\":7,\"name\":\"Prop\\u00f3sito de uso\",\"score\":13,\"percentage\":100,\"total_questions\":4,\"answered\":4,\"questions\":[{\"question_id\":31,\"level\":\"low\",\"score\":0},{\"question_id\":32,\"level\":\"low\",\"score\":0},{\"question_id\":33,\"level\":\"low\",\"score\":0},{\"question_id\":34,\"level\":\"medium\",\"score\":50}]},{\"id\":8,\"name\":\"Dados pessoais\",\"score\":0,\"percentage\":100,\"total_questions\":4,\"answered\":4,\"questions\":[{\"question_id\":35,\"level\":\"low\",\"score\":0},{\"question_id\":36,\"level\":\"low\",\"score\":0},{\"question_id\":37,\"level\":\"low\",\"score\":0},{\"question_id\":38,\"level\":\"low\",\"score\":0}]},{\"id\":9,\"name\":\"Compartilhamento\",\"score\":0,\"percentage\":100,\"total_questions\":4,\"answered\":4,\"questions\":[{\"question_id\":39,\"level\":\"low\",\"score\":0},{\"question_id\":40,\"level\":\"low\",\"score\":0},{\"question_id\":41,\"level\":\"low\",\"score\":0},{\"question_id\":42,\"level\":\"low\",\"score\":0}]},{\"id\":10,\"name\":\"Agenciamento\",\"score\":0,\"percentage\":100,\"total_questions\":4,\"answered\":4,\"questions\":[{\"question_id\":43,\"level\":\"low\",\"score\":0},{\"question_id\":44,\"level\":\"low\",\"score\":0},{\"question_id\":45,\"level\":\"low\",\"score\":0},{\"question_id\":46,\"level\":\"low\",\"score\":0}]}]}]}','2026-07-04 19:57:26','2026-07-04 19:57:26'),(6,1,NULL,'{\"global_score\":7,\"medal\":{\"name\":\"incipient\"},\"sections\":[{\"id\":1,\"name\":\"Exist\\u00eancia e Qualidade da Informa\\u00e7\\u00e3o\",\"score\":0,\"medal\":\"incipient\",\"categories\":[{\"id\":1,\"name\":\"Pessoas\\/Atores\",\"score\":0,\"questions\":[{\"question_id\":1,\"question_text\":\"Informa\\u00e7\\u00f5es sobre os atores tais como: Nome, endere\\u00e7o, telefone, e-mail e respons\\u00e1vel pela empresa?\",\"score\":0,\"variance\":0,\"classification\":\"low\"},{\"question_id\":2,\"question_text\":\"Informa\\u00e7\\u00f5es que indicam quais s\\u00e3o as ag\\u00eancias de prote\\u00e7\\u00e3o de dados que regulamentam o uso dos dados pessoais pelos atores?\",\"score\":0,\"variance\":0,\"classification\":\"low\"},{\"question_id\":3,\"question_text\":\"Informa\\u00e7\\u00f5es sobre o papel (fun\\u00e7\\u00e3o) de cada actor no uso dos dados pessoais?\",\"score\":0,\"variance\":0,\"classification\":\"low\"}]},{\"id\":2,\"name\":\"Prop\\u00f3sito de uso\",\"score\":0,\"questions\":[{\"question_id\":4,\"question_text\":\"Descri\\u00e7\\u00e3o do objetivo de uso dos dados pessoais.\",\"score\":0,\"variance\":0,\"classification\":\"low\"},{\"question_id\":5,\"question_text\":\"Informa\\u00e7\\u00e3o sobre a lei\\/regulamenta\\u00e7\\u00e3o que torna o uso dos dados pessoais legal.\",\"score\":0,\"variance\":0,\"classification\":\"low\"},{\"question_id\":6,\"question_text\":\"Informa\\u00e7\\u00f5es sobre quais dados pessoais ser\\u00e3o utilizados para atingir os objetivos apontados.\",\"score\":0,\"variance\":0,\"classification\":\"low\"},{\"question_id\":7,\"question_text\":\"Informa\\u00e7\\u00e3o do ator respons\\u00e1vel legal pelo uso dos dados pessoais.\",\"score\":0,\"variance\":0,\"classification\":\"low\"},{\"question_id\":8,\"question_text\":\"Informa\\u00e7\\u00f5es sobre a exist\\u00eancia, ou n\\u00e3o, da utiliza\\u00e7\\u00e3o ou processamento de dados pessoais feitas exclusivamente por computador, sem a supervis\\u00e3o humana.\",\"score\":0,\"variance\":0,\"classification\":\"low\"},{\"question_id\":9,\"question_text\":\"Informa\\u00e7\\u00f5es sobre o per\\u00edodo de manipula\\u00e7\\u00e3o dos dados pessoais para o prop\\u00f3sito indicado.\",\"score\":0,\"variance\":0,\"classification\":\"low\"}]},{\"id\":3,\"name\":\"Dados pessoais\",\"score\":0,\"questions\":[{\"question_id\":10,\"question_text\":\"Informa\\u00e7\\u00f5es de quais dados pessoais s\\u00e3o utilizados.\",\"score\":0,\"variance\":0,\"classification\":\"low\"},{\"question_id\":11,\"question_text\":\"Descri\\u00e7\\u00e3o de como os dados pessoais s\\u00e3o compostos (detalhes que possam explicar melhor os dados pessoais).\",\"score\":0,\"variance\":0,\"classification\":\"low\"},{\"question_id\":12,\"question_text\":\"Informa\\u00e7\\u00f5es sobre a origem dos dados (dispositivos, compra de terceiros, compartilhamento etc).\",\"score\":0,\"variance\":0,\"classification\":\"low\"},{\"question_id\":13,\"question_text\":\"Em caso de obrigatoriedade da disponibiliza\\u00e7\\u00e3o dos dados pelos indiv\\u00edduos, informa\\u00e7\\u00f5es sobre o que pode ocorrer no caso da n\\u00e3o coleta dos dados.\",\"score\":0,\"variance\":0,\"classification\":\"low\"},{\"question_id\":14,\"question_text\":\"Informa\\u00e7\\u00f5es sobre o objetivo do uso do dado pessoal e como (qual processo) \\u00e9 feito com o dado pessoal.\",\"score\":0,\"variance\":0,\"classification\":\"low\"},{\"question_id\":15,\"question_text\":\"Informa\\u00e7\\u00f5es sobre a permiss\\u00e3o concedida pelo indiv\\u00edduo para o uso dos dados pessoais.\",\"score\":0,\"variance\":0,\"classification\":\"low\"}]},{\"id\":4,\"name\":\"Compartilhamento\",\"score\":0,\"questions\":[{\"question_id\":16,\"question_text\":\"Informa\\u00e7\\u00f5es de quais dados pessoais s\\u00e3o transferidos ou compartilhados com terceiros.\",\"score\":0,\"variance\":0,\"classification\":\"low\"},{\"question_id\":17,\"question_text\":\"Informa\\u00e7\\u00f5es sobre o motivo da transfer\\u00eancia e\\/ou compartilhamento dos dados pessoais.\",\"score\":0,\"variance\":0,\"classification\":\"low\"},{\"question_id\":18,\"question_text\":\"Informa\\u00e7\\u00f5es sobre a base legal (lei\\/regulamenta\\u00e7\\u00e3o) que garante a legalidade do compartilhamento dos dados.\",\"score\":0,\"variance\":0,\"classification\":\"low\"},{\"question_id\":19,\"question_text\":\"Dados completos do destinat\\u00e1rio dos dados pessoais, de forma que permita a identifica\\u00e7\\u00e3o e o contato com o destinat\\u00e1rio.\",\"score\":0,\"variance\":0,\"classification\":\"low\"},{\"question_id\":20,\"question_text\":\"Dados da organiza\\u00e7\\u00e3o que monitora o uso dos dados pessoais no pa\\u00eds ou regi\\u00e3o do destinat\\u00e1rio, de forma que permita a identifica\\u00e7\\u00e3o e o contato com o \\u00f3rg\\u00e3o.\",\"score\":0,\"variance\":0,\"classification\":\"low\"},{\"question_id\":21,\"question_text\":\"Rela\\u00e7\\u00e3o de quais dados foram transferidos ou compartilhados e como foram obtidos.\",\"score\":0,\"variance\":0,\"classification\":\"low\"},{\"question_id\":22,\"question_text\":\"Informa\\u00e7\\u00f5es para relembrar como voc\\u00ea permitiu e\\/ou autorizou o compartilhamento dos dados pessoais.\",\"score\":0,\"variance\":0,\"classification\":\"low\"},{\"question_id\":23,\"question_text\":\"Informa\\u00e7\\u00f5es sobre os eventos que causam a transfer\\u00eancia\\/compartilhamento dos dados pessoais.\",\"score\":0,\"variance\":0,\"classification\":\"low\"}]},{\"id\":5,\"name\":\"Agenciamento\",\"score\":0,\"questions\":[{\"question_id\":24,\"question_text\":\"Informa\\u00e7\\u00f5es de como o indiv\\u00edduo pode solicitar c\\u00f3pia de seus dados, altera\\u00e7\\u00e3o de permiss\\u00e3o de uso dos dados, realizar uma reclama\\u00e7\\u00e3o ou exercer qualquer direito sobre os seus dados.\",\"score\":0,\"variance\":0,\"classification\":\"low\"},{\"question_id\":25,\"question_text\":\"Informa\\u00e7\\u00f5es sobre meios de contato, telefones, e-mails sobre os atores envolvidos no uso dos dados pessoais.\",\"score\":0,\"variance\":0,\"classification\":\"low\"},{\"question_id\":26,\"question_text\":\"Informa\\u00e7\\u00f5es e\\/ou recursos para o indiv\\u00edduo solicitar c\\u00f3pia de seus dados, altera\\u00e7\\u00e3o de permiss\\u00e3o de uso dos dados, realizar uma reclama\\u00e7\\u00e3o ou exercer qualquer direito sobre os seus dados diretamente no software, sem a necessidade de entrar em contato.\",\"score\":0,\"variance\":0,\"classification\":\"low\"}]}]},{\"id\":2,\"name\":\"Formato de Apresenta\\u00e7\\u00e3o\",\"score\":13,\"medal\":\"incipient\",\"categories\":[{\"id\":6,\"name\":\"Pessoas\\/Atores\",\"score\":50,\"questions\":[{\"question_id\":27,\"question_text\":\"Elementos de design (textos, figuras, fotos etc) utilizados para apresentar as informa\\u00e7\\u00f5es dos atores.\",\"score\":50,\"variance\":0,\"classification\":\"low\"},{\"question_id\":28,\"question_text\":\"Simplicidade, objetividade e relev\\u00e2ncia das informa\\u00e7\\u00f5es de forma a auxiliar efetivamente na an\\u00e1lise dos atores envolvidos no uso dos dados pessoais.\",\"score\":50,\"variance\":0,\"classification\":\"low\"},{\"question_id\":29,\"question_text\":\"Facilidade de acesso das informa\\u00e7\\u00f5es de forma a n\\u00e3o exigir que o indiv\\u00edduo realize buscas complexas ou an\\u00e1lise\\/leia de grandes volumes de textos.\",\"score\":50,\"variance\":0,\"classification\":\"low\"},{\"question_id\":30,\"question_text\":\"As informa\\u00e7\\u00f5es existentes descartam a necessidade do indiv\\u00edduo buscar informa\\u00e7\\u00f5es em outras fontes.\",\"score\":50,\"variance\":0,\"classification\":\"low\"}]},{\"id\":7,\"name\":\"Prop\\u00f3sito de uso\",\"score\":13,\"questions\":[{\"question_id\":31,\"question_text\":\"Elementos de design (textos, figuras, fotos etc) utilizados para apresentar as informa\\u00e7\\u00f5es sobre o(s) prop\\u00f3sito(s) de uso dos dados.\",\"score\":0,\"variance\":0,\"classification\":\"low\"},{\"question_id\":32,\"question_text\":\"Simplicidade, objetividade e relev\\u00e2ncia das informa\\u00e7\\u00f5es, de forma a auxiliar efetivamente na an\\u00e1lise do(s) prop\\u00f3sito(s) de uso dos dados pessoais.\",\"score\":0,\"variance\":0,\"classification\":\"low\"},{\"question_id\":33,\"question_text\":\"Facilidade de acesso das informa\\u00e7\\u00f5es de forma a n\\u00e3o exigir que o indiv\\u00edduo realize buscas complexas ou an\\u00e1lise\\/leia grandes volumes de textos.\",\"score\":0,\"variance\":0,\"classification\":\"low\"},{\"question_id\":34,\"question_text\":\"As informa\\u00e7\\u00f5es existentes descartam a necessidade do usu\\u00e1rio buscar informa\\u00e7\\u00f5es em outras fontes.\",\"score\":50,\"variance\":0,\"classification\":\"low\"}]},{\"id\":8,\"name\":\"Dados pessoais\",\"score\":0,\"questions\":[{\"question_id\":35,\"question_text\":\"Elementos de design (textos, figuras, fotos etc) utilizados para apresentar as informa\\u00e7\\u00f5es sobre os dados pessoais manipulados.\",\"score\":0,\"variance\":0,\"classification\":\"low\"},{\"question_id\":36,\"question_text\":\"Simplicidade, objetividade e relev\\u00e2ncia das informa\\u00e7\\u00f5es de forma a auxiliar efetivamente na an\\u00e1lise do prop\\u00f3sito de uso os dados pessoais.\",\"score\":0,\"variance\":0,\"classification\":\"low\"},{\"question_id\":37,\"question_text\":\"Facilidade de acesso das informa\\u00e7\\u00f5es de forma a n\\u00e3o exigir que o indiv\\u00edduo realize buscas complexas ou an\\u00e1lise\\/leia grandes volumes de textos.\",\"score\":0,\"variance\":0,\"classification\":\"low\"},{\"question_id\":38,\"question_text\":\"As informa\\u00e7\\u00f5es existentes descartam a necessidade do usu\\u00e1rio buscar informa\\u00e7\\u00f5es em outras fontes.\",\"score\":0,\"variance\":0,\"classification\":\"low\"}]},{\"id\":9,\"name\":\"Compartilhamento\",\"score\":0,\"questions\":[{\"question_id\":39,\"question_text\":\"Elementos de design (textos, figuras, fotos etc) utilizados para apresentar as informa\\u00e7\\u00f5es sobre a transfer\\u00eancia\\/compartilhamento dos dados.\",\"score\":0,\"variance\":0,\"classification\":\"low\"},{\"question_id\":40,\"question_text\":\"Simplicidade, objetividade e relev\\u00e2ncia das informa\\u00e7\\u00f5es de forma a auxiliar efetivamente na an\\u00e1lise da transfer\\u00eancia\\/compartilhamento dos dados.\",\"score\":0,\"variance\":0,\"classification\":\"low\"},{\"question_id\":41,\"question_text\":\"Facilidade de acesso das informa\\u00e7\\u00f5es de forma a n\\u00e3o exigir que o indiv\\u00edduo realize buscas complexas ou an\\u00e1lise\\/leia grandes volumes de textos.\",\"score\":0,\"variance\":0,\"classification\":\"low\"},{\"question_id\":42,\"question_text\":\"As informa\\u00e7\\u00f5es existentes descartam a necessidade do usu\\u00e1rio buscar informa\\u00e7\\u00f5es em outras fontes.\",\"score\":0,\"variance\":0,\"classification\":\"low\"}]},{\"id\":10,\"name\":\"Agenciamento\",\"score\":0,\"questions\":[{\"question_id\":43,\"question_text\":\"Elementos de design (textos, figuras, fotos etc) utilizados para apresentar as informa\\u00e7\\u00f5es sobre ag\\u00eancias de controle e a\\u00e7\\u00f5es para questionar ou verificar o uso dos dados.\",\"score\":0,\"variance\":0,\"classification\":\"low\"},{\"question_id\":44,\"question_text\":\"Simplicidade, objetividade e relev\\u00e2ncia das informa\\u00e7\\u00f5es de forma a auxiliar efetivamente na an\\u00e1lise das ag\\u00eancias de controle e a\\u00e7\\u00f5es para questionar ou verificar o uso dos dados.\",\"score\":0,\"variance\":0,\"classification\":\"low\"},{\"question_id\":45,\"question_text\":\"Facilidade de acesso das informa\\u00e7\\u00f5es de forma a n\\u00e3o exigir que o indiv\\u00edduo realize buscas complexas ou an\\u00e1lise\\/leia grandes volumes de textos.\",\"score\":0,\"variance\":0,\"classification\":\"low\"},{\"question_id\":46,\"question_text\":\"As informa\\u00e7\\u00f5es existentes descartam a necessidade do usu\\u00e1rio buscar informa\\u00e7\\u00f5es em outras fontes.\",\"score\":0,\"variance\":0,\"classification\":\"low\"}]}]}],\"user_count\":1}','2026-07-04 19:57:26','2026-07-04 19:57:26');
/*!40000 ALTER TABLE `result_snapshots` ENABLE KEYS */;
UNLOCK TABLES;

--
-- Table structure for table `review_comments`
--

DROP TABLE IF EXISTS `review_comments`;
/*!40101 SET @saved_cs_client     = @@character_set_client */;
/*!40101 SET character_set_client = utf8 */;
CREATE TABLE `review_comments` (
  `id` bigint(20) unsigned NOT NULL AUTO_INCREMENT,
  `evaluation_round_id` bigint(20) unsigned NOT NULL,
  `question_id` bigint(20) unsigned NOT NULL,
  `user_id` bigint(20) unsigned NOT NULL,
  `body` text NOT NULL,
  `created_at` timestamp NULL DEFAULT NULL,
  `updated_at` timestamp NULL DEFAULT NULL,
  PRIMARY KEY (`id`),
  KEY `review_comments_evaluation_round_id_foreign` (`evaluation_round_id`),
  KEY `review_comments_question_id_foreign` (`question_id`),
  KEY `review_comments_user_id_foreign` (`user_id`),
  CONSTRAINT `review_comments_evaluation_round_id_foreign` FOREIGN KEY (`evaluation_round_id`) REFERENCES `evaluation_rounds` (`id`) ON DELETE CASCADE,
  CONSTRAINT `review_comments_question_id_foreign` FOREIGN KEY (`question_id`) REFERENCES `questions` (`id`) ON DELETE CASCADE,
  CONSTRAINT `review_comments_user_id_foreign` FOREIGN KEY (`user_id`) REFERENCES `users` (`id`) ON DELETE CASCADE
) ENGINE=InnoDB AUTO_INCREMENT=2 DEFAULT CHARSET=utf8mb4 COLLATE=utf8mb4_unicode_ci;
/*!40101 SET character_set_client = @saved_cs_client */;

--
-- Dumping data for table `review_comments`
--

LOCK TABLES `review_comments` WRITE;
/*!40000 ALTER TABLE `review_comments` DISABLE KEYS */;
INSERT INTO `review_comments` VALUES (1,1,1,3,'teste','2026-07-09 14:58:44','2026-07-09 14:58:44');
/*!40000 ALTER TABLE `review_comments` ENABLE KEYS */;
UNLOCK TABLES;

--
-- Table structure for table `round_badges`
--

DROP TABLE IF EXISTS `round_badges`;
/*!40101 SET @saved_cs_client     = @@character_set_client */;
/*!40101 SET character_set_client = utf8 */;
CREATE TABLE `round_badges` (
  `id` bigint(20) unsigned NOT NULL AUTO_INCREMENT,
  `evaluation_round_id` bigint(20) unsigned NOT NULL,
  `public_token` varchar(64) NOT NULL,
  `style` enum('default','compact','minimal') NOT NULL DEFAULT 'default',
  `is_active` tinyint(1) NOT NULL DEFAULT 1,
  `created_at` timestamp NULL DEFAULT NULL,
  `updated_at` timestamp NULL DEFAULT NULL,
  PRIMARY KEY (`id`),
  UNIQUE KEY `round_badges_evaluation_round_id_unique` (`evaluation_round_id`),
  UNIQUE KEY `round_badges_public_token_unique` (`public_token`),
  CONSTRAINT `round_badges_evaluation_round_id_foreign` FOREIGN KEY (`evaluation_round_id`) REFERENCES `evaluation_rounds` (`id`) ON DELETE CASCADE
) ENGINE=InnoDB DEFAULT CHARSET=utf8mb4 COLLATE=utf8mb4_unicode_ci;
/*!40101 SET character_set_client = @saved_cs_client */;

--
-- Dumping data for table `round_badges`
--

LOCK TABLES `round_badges` WRITE;
/*!40000 ALTER TABLE `round_badges` DISABLE KEYS */;
/*!40000 ALTER TABLE `round_badges` ENABLE KEYS */;
UNLOCK TABLES;

--
-- Table structure for table `round_publications`
--

DROP TABLE IF EXISTS `round_publications`;
/*!40101 SET @saved_cs_client     = @@character_set_client */;
/*!40101 SET character_set_client = utf8 */;
CREATE TABLE `round_publications` (
  `id` bigint(20) unsigned NOT NULL AUTO_INCREMENT,
  `evaluation_round_id` bigint(20) unsigned NOT NULL,
  `visibility` varchar(255) NOT NULL DEFAULT 'private',
  `slug` varchar(255) NOT NULL,
  `published_at` timestamp NULL DEFAULT NULL,
  `published_by` bigint(20) unsigned DEFAULT NULL,
  `score` int(11) NOT NULL DEFAULT 0,
  `medal` varchar(255) DEFAULT NULL,
  `year` int(11) DEFAULT NULL,
  `questionnaire_version_id` bigint(20) unsigned DEFAULT NULL,
  `created_at` timestamp NULL DEFAULT NULL,
  `updated_at` timestamp NULL DEFAULT NULL,
  PRIMARY KEY (`id`),
  UNIQUE KEY `round_publications_evaluation_round_id_unique` (`evaluation_round_id`),
  UNIQUE KEY `round_publications_slug_unique` (`slug`),
  KEY `round_publications_published_by_foreign` (`published_by`),
  KEY `round_publications_questionnaire_version_id_foreign` (`questionnaire_version_id`),
  KEY `round_publications_score_index` (`score`),
  KEY `round_publications_medal_index` (`medal`),
  KEY `round_publications_year_index` (`year`),
  CONSTRAINT `round_publications_evaluation_round_id_foreign` FOREIGN KEY (`evaluation_round_id`) REFERENCES `evaluation_rounds` (`id`) ON DELETE CASCADE,
  CONSTRAINT `round_publications_published_by_foreign` FOREIGN KEY (`published_by`) REFERENCES `users` (`id`) ON DELETE SET NULL,
  CONSTRAINT `round_publications_questionnaire_version_id_foreign` FOREIGN KEY (`questionnaire_version_id`) REFERENCES `questionnaire_versions` (`id`) ON DELETE SET NULL
) ENGINE=InnoDB DEFAULT CHARSET=utf8mb4 COLLATE=utf8mb4_unicode_ci;
/*!40101 SET character_set_client = @saved_cs_client */;

--
-- Dumping data for table `round_publications`
--

LOCK TABLES `round_publications` WRITE;
/*!40000 ALTER TABLE `round_publications` DISABLE KEYS */;
/*!40000 ALTER TABLE `round_publications` ENABLE KEYS */;
UNLOCK TABLES;

--
-- Table structure for table `round_snapshots`
--

DROP TABLE IF EXISTS `round_snapshots`;
/*!40101 SET @saved_cs_client     = @@character_set_client */;
/*!40101 SET character_set_client = utf8 */;
CREATE TABLE `round_snapshots` (
  `id` bigint(20) unsigned NOT NULL AUTO_INCREMENT,
  `evaluation_round_id` bigint(20) unsigned NOT NULL,
  `payload_json` longtext CHARACTER SET utf8mb4 COLLATE utf8mb4_bin NOT NULL CHECK (json_valid(`payload_json`)),
  `created_at` timestamp NULL DEFAULT NULL,
  `updated_at` timestamp NULL DEFAULT NULL,
  PRIMARY KEY (`id`),
  KEY `round_snapshots_evaluation_round_id_foreign` (`evaluation_round_id`),
  CONSTRAINT `round_snapshots_evaluation_round_id_foreign` FOREIGN KEY (`evaluation_round_id`) REFERENCES `evaluation_rounds` (`id`) ON DELETE CASCADE
) ENGINE=InnoDB DEFAULT CHARSET=utf8mb4 COLLATE=utf8mb4_unicode_ci;
/*!40101 SET character_set_client = @saved_cs_client */;

--
-- Dumping data for table `round_snapshots`
--

LOCK TABLES `round_snapshots` WRITE;
/*!40000 ALTER TABLE `round_snapshots` DISABLE KEYS */;
/*!40000 ALTER TABLE `round_snapshots` ENABLE KEYS */;
UNLOCK TABLES;

--
-- Table structure for table `sections`
--

DROP TABLE IF EXISTS `sections`;
/*!40101 SET @saved_cs_client     = @@character_set_client */;
/*!40101 SET character_set_client = utf8 */;
CREATE TABLE `sections` (
  `id` bigint(20) unsigned NOT NULL AUTO_INCREMENT,
  `questionnaire_version_id` bigint(20) unsigned NOT NULL,
  `name` longtext CHARACTER SET utf8mb4 COLLATE utf8mb4_bin NOT NULL CHECK (json_valid(`name`)),
  `order` int(11) NOT NULL,
  `created_at` timestamp NULL DEFAULT NULL,
  `updated_at` timestamp NULL DEFAULT NULL,
  `response_profile` varchar(255) NOT NULL DEFAULT 'information_quality',
  PRIMARY KEY (`id`),
  KEY `sections_questionnaire_version_id_foreign` (`questionnaire_version_id`),
  CONSTRAINT `sections_questionnaire_version_id_foreign` FOREIGN KEY (`questionnaire_version_id`) REFERENCES `questionnaire_versions` (`id`) ON DELETE CASCADE
) ENGINE=InnoDB AUTO_INCREMENT=3 DEFAULT CHARSET=utf8mb4 COLLATE=utf8mb4_unicode_ci;
/*!40101 SET character_set_client = @saved_cs_client */;

--
-- Dumping data for table `sections`
--

LOCK TABLES `sections` WRITE;
/*!40000 ALTER TABLE `sections` DISABLE KEYS */;
INSERT INTO `sections` VALUES (1,1,'{\"pt_BR\":\"Existência e Qualidade da Informação\",\"en\":\"Information Existence and Quality\"}',1,'2026-06-22 20:33:51','2026-06-22 20:33:51','information_quality'),(2,1,'{\"pt_BR\":\"Formato de Apresentação\",\"en\":\"Presentation Format\"}',2,'2026-06-22 20:33:51','2026-06-22 20:33:51','presentation_format');
/*!40000 ALTER TABLE `sections` ENABLE KEYS */;
UNLOCK TABLES;

--
-- Table structure for table `sessions`
--

DROP TABLE IF EXISTS `sessions`;
/*!40101 SET @saved_cs_client     = @@character_set_client */;
/*!40101 SET character_set_client = utf8 */;
CREATE TABLE `sessions` (
  `id` varchar(255) NOT NULL,
  `user_id` bigint(20) unsigned DEFAULT NULL,
  `ip_address` varchar(45) DEFAULT NULL,
  `user_agent` text DEFAULT NULL,
  `payload` longtext NOT NULL,
  `last_activity` int(11) NOT NULL,
  PRIMARY KEY (`id`),
  KEY `sessions_user_id_index` (`user_id`),
  KEY `sessions_last_activity_index` (`last_activity`)
) ENGINE=InnoDB DEFAULT CHARSET=utf8mb4 COLLATE=utf8mb4_unicode_ci;
/*!40101 SET character_set_client = @saved_cs_client */;

--
-- Dumping data for table `sessions`
--

LOCK TABLES `sessions` WRITE;
/*!40000 ALTER TABLE `sessions` DISABLE KEYS */;
INSERT INTO `sessions` VALUES ('foNEcsTCz03qaigng3MP5aDwXOzSVBvb02s0Io1C',NULL,'127.0.0.1','Mozilla/5.0 (Windows NT 10.0; Win64; x64) AppleWebKit/537.36 (KHTML, like Gecko) Chrome/150.0.0.0 Safari/537.36','YTozOntzOjY6Il90b2tlbiI7czo0MDoiUDU2RllvQUFYUXkzYW9TdzYya2pMVnNsSTcwYWExcmIxdENONnJkYSI7czo5OiJfcHJldmlvdXMiO2E6Mjp7czozOiJ1cmwiO3M6MjE6Imh0dHA6Ly9sb2NhbGhvc3Q6ODAwMCI7czo1OiJyb3V0ZSI7Tjt9czo2OiJfZmxhc2giO2E6Mjp7czozOiJvbGQiO2E6MDp7fXM6MzoibmV3IjthOjA6e319fQ==',1783598384),('hj7SEm9U4z8XVZUfa8QtdTOwp38D2MgnblaNtPE2',3,'127.0.0.1','Mozilla/5.0 (Windows NT 10.0; Win64; x64) AppleWebKit/537.36 (KHTML, like Gecko) Chrome/150.0.0.0 Safari/537.36','YTo0OntzOjY6Il90b2tlbiI7czo0MDoidEVlOFA5em9iN0F6WVpsbFR1U2F0a0FtR0w1OVFWS1Z1cVM2RW4zZiI7czo2OiJfZmxhc2giO2E6Mjp7czozOiJvbGQiO2E6MDp7fXM6MzoibmV3IjthOjA6e319czo5OiJfcHJldmlvdXMiO2E6Mjp7czozOiJ1cmwiO3M6MzA6Imh0dHA6Ly9sb2NhbGhvc3Q6ODAwMC9wcm9qZWN0cyI7czo1OiJyb3V0ZSI7czoxNDoicHJvamVjdHMuaW5kZXgiO31zOjUwOiJsb2dpbl93ZWJfNTliYTM2YWRkYzJiMmY5NDAxNTgwZjAxNGM3ZjU4ZWE0ZTMwOTg5ZCI7aTozO30=',1783598357);
/*!40000 ALTER TABLE `sessions` ENABLE KEYS */;
UNLOCK TABLES;

--
-- Table structure for table `users`
--

DROP TABLE IF EXISTS `users`;
/*!40101 SET @saved_cs_client     = @@character_set_client */;
/*!40101 SET character_set_client = utf8 */;
CREATE TABLE `users` (
  `id` bigint(20) unsigned NOT NULL AUTO_INCREMENT,
  `name` varchar(255) NOT NULL,
  `email` varchar(255) NOT NULL,
  `is_admin` tinyint(1) NOT NULL DEFAULT 0,
  `locale` varchar(10) DEFAULT 'pt_BR',
  `profile` varchar(255) DEFAULT NULL,
  `affiliation` varchar(255) DEFAULT NULL,
  `terms_accepted_at` timestamp NULL DEFAULT NULL,
  `last_login_at` timestamp NULL DEFAULT NULL,
  `email_verified_at` timestamp NULL DEFAULT NULL,
  `password` varchar(255) NOT NULL,
  `remember_token` varchar(100) DEFAULT NULL,
  `created_at` timestamp NULL DEFAULT NULL,
  `updated_at` timestamp NULL DEFAULT NULL,
  PRIMARY KEY (`id`),
  UNIQUE KEY `users_email_unique` (`email`)
) ENGINE=InnoDB AUTO_INCREMENT=6 DEFAULT CHARSET=utf8mb4 COLLATE=utf8mb4_unicode_ci;
/*!40101 SET character_set_client = @saved_cs_client */;

--
-- Dumping data for table `users`
--

LOCK TABLES `users` WRITE;
/*!40000 ALTER TABLE `users` DISABLE KEYS */;
INSERT INTO `users` VALUES (1,'Wellington','admin@admin.com',1,'pt_BR',NULL,NULL,NULL,NULL,'2026-06-22 20:33:51','$2y$12$Jtm/6FTLSlompjNx69nMNOjoEM0CVL6q2kCqzFQI554lxJTL5iawC','8VVeOv2j5x','2026-06-22 20:33:51','2026-06-22 20:33:51'),(2,'Wellington Aparecido Della Mura','della.mura@gmail.com',0,'pt_BR',NULL,NULL,NULL,NULL,'2026-06-22 20:33:51','$2y$12$nf9el7tlK4eMbH/mLjTN/OKXqA.G99jGNnPwGboUakVm10P9SwUq2','OAT8gBkLoKEUGn9raFAVsDHtJLwrmvj5IAUAl7Egf0QGJOAkaaz9k0B6VfMm','2026-07-03 21:06:47','2026-07-04 08:53:48'),(3,'Wellington UENP','wellington@uenp.edu.br',0,'pt_BR',NULL,NULL,NULL,NULL,'2026-07-03 21:42:51','$2y$12$bONkuXv0MPT3i30Jsf3kQ.eXmP8Df72iU5U2NQfvfvdxLRtNzVUMm',NULL,'2026-07-03 21:42:26','2026-07-09 14:58:09'),(4,'Wellington USP','dellamura@usp.br',0,'en',NULL,NULL,NULL,NULL,'2026-07-03 21:51:41','$2y$12$yYFxxcvenqQZvIB6qA/vyu7akRF5LUavyw2/t.9Ryd8DgrS/.m50W',NULL,'2026-07-03 21:51:26','2026-07-04 07:45:32'),(5,'Wellington Della Mura','wellingtondellamura@gmail.com',0,'pt_BR','professional','USP','2026-07-09 14:32:17',NULL,NULL,'$2y$12$upUEjFsmC9yhx69SUJs05eLElhBj3HkyBukdLUEtCRdZHezf6KhHO',NULL,'2026-07-09 14:32:17','2026-07-09 14:32:17');
/*!40000 ALTER TABLE `users` ENABLE KEYS */;
UNLOCK TABLES;
/*!40103 SET TIME_ZONE=@OLD_TIME_ZONE */;

/*!40101 SET SQL_MODE=@OLD_SQL_MODE */;
/*!40014 SET FOREIGN_KEY_CHECKS=@OLD_FOREIGN_KEY_CHECKS */;
/*!40014 SET UNIQUE_CHECKS=@OLD_UNIQUE_CHECKS */;
/*!40101 SET CHARACTER_SET_CLIENT=@OLD_CHARACTER_SET_CLIENT */;
/*!40101 SET CHARACTER_SET_RESULTS=@OLD_CHARACTER_SET_RESULTS */;
/*!40101 SET COLLATION_CONNECTION=@OLD_COLLATION_CONNECTION */;
/*!40111 SET SQL_NOTES=@OLD_SQL_NOTES */;

-- Dump completed on 2026-07-09  9:44:35
